project,"(22, 2017)","(23, 2017)","(24, 2017)","(25, 2017)","(26, 2017)","(27, 2017)","(28, 2017)","(29, 2017)","(30, 2017)","(31, 2017)","(32, 2017)","(33, 2017)","(34, 2017)","(35, 2017)","(36, 2017)","(37, 2017)","(38, 2017)","(39, 2017)","(40, 2017)","(41, 2017)","(42, 2017)","(43, 2017)","(44, 2017)","(45, 2017)","(46, 2017)","(47, 2017)","(48, 2017)","(49, 2017)","(50, 2017)","(51, 2017)","(52, 2017)","(1, 2018)","(2, 2018)","(3, 2018)","(4, 2018)","(5, 2018)","(6, 2018)","(7, 2018)","(8, 2018)","(9, 2018)","(10, 2018)","(11, 2018)","(12, 2018)","(13, 2018)","(14, 2018)","(15, 2018)","(16, 2018)","(17, 2018)","(18, 2018)","(19, 2018)","(20, 2018)","(21, 2018)","(22, 2018)","(23, 2018)","(24, 2018)","(25, 2018)","(26, 2018)","(27, 2018)","(28, 2018)","(29, 2018)","(30, 2018)","(31, 2018)","(32, 2018)","(33, 2018)","(34, 2018)","(35, 2018)","(36, 2018)","(37, 2018)","(38, 2018)","(39, 2018)","(40, 2018)","(41, 2018)"
hubot-scripts,0,0,0,0,0,0,0,0,0,0,0,0,0,0,0,0,0,0,0,0,0,0,0,0,0,0,0,0,0,0,0,0,0,0,0,0,0,0,0,0,0,0,0,0,0,0,0,0,0,0,0,0,0,0,0,0,0,0,0,0,0,0,0,0,0,0,0,0,0,0,0,0
MBProgressHUD,0,0,0,0,0,0,0,0,0,0,0,1,2,3,3,3,3,3,3,3,3,3,3,3,3,3,4,4,4,4,4,4,4,4,4,4,4,4,4,4,5,5,5,5,5,5,5,6,6,6,7,7,7,7,7,7,7,7,7,7,7,7,7,7,7,7,7,7,7,7,7,7
laravel-debugbar,1,2,2,2,2,2,2,2,3,3,3,4,4,5,6,6,6,6,7,7,7,7,7,7,7,7,7,7,7,8,8,8,8,8,8,9,10,10,10,10,11,11,11,11,11,11,12,13,14,14,14,14,14,14,14,14,14,14,14,14,15,16,16,17,18,18,18,18,18,19,19,19
kestrel,0,0,0,0,0,0,0,0,0,0,0,0,0,0,0,0,0,0,0,0,0,0,0,0,0,0,0,0,0,0,0,0,0,0,0,0,0,0,0,0,0,0,0,0,0,0,0,0,0,0,0,0,0,0,0,0,0,0,0,0,0,0,0,0,0,0,0,0,0,0,0,0
go,1,4,8,12,18,22,24,29,31,36,40,42,47,52,58,63,70,74,79,81,84,89,94,98,103,109,112,115,119,122,123,126,127,128,132,135,139,144,148,152,156,160,164,170,176,181,187,193,197,198,202,206,210,214,217,222,228,230,236,242,247,252,256,261,266,273,279,283,290,297,300,300
scalaz,1,1,1,1,1,1,1,1,1,2,2,2,2,2,3,3,3,3,3,3,3,5,6,6,6,6,6,9,9,9,9,11,11,11,12,14,14,15,15,15,15,15,15,15,16,16,16,16,16,16,16,18,20,23,23,23,23,24,24,24,24,25,28,28,29,30,32,32,33,34,34,34
guava,1,3,3,3,4,6,8,8,8,11,12,13,15,18,18,19,22,25,28,31,34,35,37,38,39,39,42,44,45,45,45,46,46,48,49,51,53,54,54,54,55,57,60,60,62,62,67,68,68,71,72,74,75,76,77,78,81,82,84,84,84,88,91,93,96,97,98,100,102,102,102,102
retrofit,0,0,1,1,1,1,1,1,1,1,1,1,1,1,1,1,1,1,1,2,2,3,3,3,4,4,4,5,5,6,6,6,6,7,7,7,7,8,8,8,9,9,10,13,13,13,13,13,13,13,13,13,13,13,13,14,15,16,16,16,16,16,16,16,17,17,17,17,18,19,19,19
fastjson,0,0,0,0,0,0,0,1,2,2,3,3,5,5,5,6,8,8,10,10,11,11,11,13,13,14,15,15,15,15,15,17,17,17,17,17,18,18,18,19,19,19,20,20,20,20,20,20,20,20,20,20,21,21,21,22,22,23,23,23,24,25,25,28,28,28,28,28,28,28,28,28
metasploit-framework,2,6,8,10,11,14,18,19,23,25,26,29,33,36,40,41,42,44,47,51,54,56,57,61,63,66,68,68,71,74,77,79,81,84,85,88,91,94,97,101,105,106,108,109,112,114,116,120,124,127,127,133,136,137,140,140,144,147,150,151,154,160,162,164,167,168,170,172,175,182,187,187
grape,0,0,2,2,3,3,5,5,5,5,5,5,6,6,6,7,7,8,10,11,11,11,13,14,15,16,16,17,17,18,19,20,20,20,20,21,22,22,22,22,23,25,26,28,28,28,29,29,30,30,30,31,32,33,33,33,33,33,33,33,34,34,34,35,36,37,39,40,40,40,41,41
flask,1,3,6,6,9,10,11,11,12,13,14,17,18,19,20,21,21,21,22,24,25,27,27,28,28,30,31,33,35,35,35,35,35,36,37,37,37,38,39,39,39,39,40,40,40,40,43,46,48,50,51,54,55,55,57,58,60,60,61,62,63,63,63,63,64,64,64,64,68,68,68,68
logplex,0,0,0,0,0,0,0,0,0,0,0,0,0,0,0,0,0,0,0,0,0,0,0,0,1,1,1,1,1,1,1,1,2,2,2,2,2,2,2,3,3,3,3,4,5,6,6,6,6,6,6,6,6,6,6,6,6,6,6,6,6,6,6,6,6,6,6,6,6,6,6,6
zxing,0,2,2,2,2,2,2,2,2,2,2,2,2,2,2,3,4,4,5,6,6,7,7,8,8,8,9,9,9,10,11,11,11,11,11,11,11,12,13,14,14,15,15,15,15,15,15,15,15,15,17,17,17,17,18,19,19,19,20,20,22,22,22,22,22,22,22,22,23,24,24,24
turbolinks-classic,0,0,0,0,0,0,0,0,0,0,0,0,0,0,0,0,0,0,0,0,0,0,0,0,0,0,0,0,0,0,0,0,0,0,0,0,0,0,0,0,0,0,0,0,0,0,0,0,0,0,0,0,0,0,0,0,0,0,0,0,0,0,0,0,0,0,0,0,0,0,0,0
AFNetworking,0,0,0,0,0,0,1,3,4,4,4,4,4,4,4,4,5,5,5,5,5,6,6,6,6,6,6,6,7,7,7,7,9,9,9,9,9,10,11,11,11,11,11,11,11,11,11,11,12,12,12,12,12,12,12,12,13,14,16,16,17,17,17,17,17,17,17,18,20,21,21,21
ng-bootstrap,1,2,2,2,2,3,4,4,5,5,5,6,7,9,11,11,12,12,13,13,14,15,16,16,17,17,18,19,20,20,20,21,21,22,22,22,22,22,22,22,24,24,26,27,27,28,28,30,30,31,31,31,31,33,33,33,33,34,35,35,37,38,39,40,40,42,42,44,45,45,45,45
consul,0,2,4,5,8,10,11,13,14,17,21,23,23,25,26,27,29,29,32,34,39,39,43,43,44,45,45,47,48,49,51,52,54,54,58,58,61,63,64,66,67,68,69,71,74,76,77,77,79,83,84,86,88,88,91,93,97,100,102,102,106,107,108,111,113,115,116,120,123,123,125,125
codecombat,0,1,1,2,3,3,5,5,5,5,6,6,7,8,8,8,9,9,11,13,16,19,21,25,27,27,27,28,31,32,32,32,33,34,35,39,40,42,42,43,43,43,44,44,44,44,46,46,48,50,51,54,56,57,58,58,59,60,60,61,63,64,64,65,66,68,68,69,72,74,75,75
fay,0,0,0,0,0,0,0,1,1,1,1,1,1,1,1,1,1,2,2,2,2,2,2,2,2,2,2,2,2,2,2,2,2,2,2,2,2,2,2,3,3,3,3,3,3,3,3,3,3,3,3,4,4,4,5,5,5,5,5,5,5,5,5,5,5,5,5,5,5,5,5,5
youtube-dl,3,3,7,8,11,13,14,16,17,19,21,23,25,28,30,31,33,34,38,41,44,47,49,52,54,57,58,59,59,59,62,67,69,72,74,76,79,80,81,81,84,87,90,93,95,97,99,102,102,103,104,105,107,107,109,109,110,111,111,113,116,119,119,119,120,123,124,124,126,128,128,128
clojurescript,0,0,2,2,4,5,7,7,7,7,8,8,8,9,9,10,11,14,15,15,15,16,18,19,19,20,21,21,22,22,22,22,22,22,22,22,23,23,23,27,27,28,31,32,32,32,32,32,33,34,34,34,34,35,35,35,37,37,37,38,38,38,38,38,38,39,41,43,43,43,43,43
sage,0,1,3,3,4,4,4,4,4,5,6,7,8,9,9,9,9,9,9,9,10,10,10,10,11,11,12,12,13,14,14,14,14,15,16,16,17,17,18,18,18,18,19,20,20,20,21,22,23,23,23,23,24,24,25,25,26,26,26,27,27,28,31,33,33,33,35,35,36,36,36,36
morris.js,0,0,0,0,0,0,0,0,0,0,0,0,0,0,0,0,0,0,0,0,0,0,0,0,0,0,0,0,0,0,0,0,0,0,0,0,0,0,0,0,0,0,0,0,0,0,0,0,0,0,0,0,0,0,0,0,0,0,0,0,0,0,0,0,0,0,0,0,0,0,0,0
FiraCode,0,0,0,0,0,0,0,0,0,0,1,1,1,1,1,1,2,3,4,4,4,4,4,4,4,4,4,4,6,6,6,6,6,6,6,6,7,7,7,7,8,9,9,10,10,10,10,10,11,11,11,11,11,11,11,11,11,11,11,11,11,11,11,11,11,11,11,11,13,13,13,13
webmachine,0,0,0,0,0,0,0,0,0,0,0,0,0,0,0,0,0,0,0,1,1,1,1,1,1,1,2,2,2,2,2,2,2,2,2,2,2,2,2,2,2,2,2,2,3,3,3,3,3,3,3,3,3,3,3,3,3,3,4,4,4,4,4,4,4,4,4,4,4,4,5,5
awesome-machine-learning,0,1,1,2,3,5,8,9,10,12,14,16,18,21,21,24,24,27,28,29,33,34,35,37,39,41,41,42,45,47,47,47,48,49,49,51,53,55,55,58,59,60,62,63,64,65,65,65,68,70,70,70,72,72,73,73,76,77,79,79,79,82,82,85,86,88,89,90,92,93,93,93
reactxp,1,2,3,3,3,4,4,4,4,5,5,5,5,5,6,7,8,8,9,9,9,11,12,12,12,13,13,14,14,14,14,14,15,16,17,20,21,22,22,23,24,25,27,27,27,30,30,31,31,32,33,34,35,37,39,41,43,43,44,46,47,49,49,50,50,50,54,55,58,58,58,58
riemann,0,0,0,1,2,2,2,2,2,2,3,3,3,3,3,3,3,3,3,3,3,3,3,3,3,4,4,4,5,6,6,6,7,7,7,7,8,8,10,10,10,10,10,10,10,11,11,13,13,13,13,14,14,14,14,15,15,15,15,15,15,15,15,15,15,15,15,15,15,15,15,15
leakcanary,0,1,1,1,1,1,2,2,2,2,4,6,6,6,6,6,6,6,6,6,6,6,6,6,7,7,7,8,8,9,9,9,9,9,9,10,11,11,13,13,13,13,13,14,15,15,15,15,15,15,15,16,16,16,16,17,18,18,18,19,21,21,22,22,24,24,24,24,25,25,25,25
CppCoreGuidelines,2,5,7,8,9,11,13,14,17,19,21,22,23,23,23,23,24,26,28,29,31,33,33,34,36,36,38,39,39,41,41,41,41,41,42,42,43,44,44,45,46,47,47,48,50,51,53,54,54,55,55,56,57,58,58,58,58,58,59,59,59,59,61,62,62,62,64,64,65,66,66,66
macOS-Security-and-Privacy-Guide,0,0,0,0,0,0,0,0,0,0,0,0,0,1,1,1,1,2,2,3,3,3,4,4,4,4,4,5,5,5,5,5,5,5,5,5,5,5,6,6,6,6,6,6,7,8,8,8,8,9,9,9,9,10,10,11,11,11,11,12,12,12,12,12,12,13,13,13,13,14,14,14
chinese-copywriting-guidelines,0,0,0,0,0,0,0,0,0,0,0,0,0,0,0,0,0,0,0,0,0,0,0,0,0,0,0,0,0,0,0,0,0,0,0,0,0,0,0,0,0,0,0,0,0,0,0,0,0,0,0,0,0,0,0,0,0,0,0,0,0,0,0,0,2,2,2,2,2,2,2,2
chaplin,0,0,0,0,0,0,0,0,0,1,1,1,1,1,2,2,2,2,2,2,2,2,2,2,2,2,2,2,2,2,2,2,2,2,2,2,2,2,2,2,2,2,2,2,2,2,2,2,2,2,2,2,2,2,2,2,2,2,2,2,2,2,2,2,2,2,2,2,2,2,2,2
sentry,1,2,2,2,3,3,3,3,6,7,8,10,12,12,13,15,16,16,17,18,18,18,21,21,22,22,22,22,23,23,24,25,25,25,26,26,27,27,28,29,29,29,30,30,31,32,32,34,35,37,38,39,39,39,41,41,41,43,46,47,50,51,51,52,52,55,57,59,62,67,67,67
angular-seed,0,3,4,7,7,8,10,11,11,12,12,13,13,14,14,15,17,18,18,19,19,20,21,21,21,21,21,21,21,21,21,21,21,21,21,21,22,22,22,22,22,22,22,22,23,23,23,23,23,25,26,26,26,26,26,26,26,26,26,26,27,27,27,27,29,29,30,30,31,32,32,32
Hystrix,0,1,1,3,3,3,4,4,4,4,4,4,4,4,4,5,5,5,5,6,6,6,6,6,6,6,6,6,6,6,6,6,7,8,8,8,8,8,8,8,8,8,8,8,9,9,9,11,12,12,12,12,12,12,12,12,12,12,12,12,12,12,12,12,12,12,12,12,12,12,12,12
DesignPatternsPHP,0,0,0,0,0,0,0,0,0,0,0,0,1,1,1,1,1,1,1,1,3,4,5,5,6,6,6,7,9,9,9,9,9,9,10,11,11,11,11,11,11,11,11,11,12,12,12,12,14,16,16,16,16,16,17,17,17,17,17,18,18,18,18,18,18,18,18,18,18,19,21,21
phpunit,0,2,3,4,6,6,6,7,8,10,10,10,10,10,11,11,13,13,15,16,20,20,20,21,23,24,25,27,28,30,31,31,31,33,34,34,36,38,38,39,40,40,41,41,44,47,48,49,49,52,52,52,54,55,55,57,57,58,59,61,61,62,62,64,64,66,68,69,69,69,70,71
dynamics.js,0,0,0,0,0,0,0,0,0,0,0,0,0,0,0,0,0,0,0,0,0,0,0,0,0,0,0,0,0,0,0,0,0,0,0,0,0,0,0,0,0,0,0,0,0,0,0,0,0,0,0,0,0,0,0,0,0,0,0,0,0,0,0,0,0,0,0,0,0,0,0,0
ChicagoBoss,0,0,0,0,0,0,0,0,0,0,0,0,0,0,0,0,0,0,1,3,3,3,3,3,3,3,3,3,3,3,3,3,3,3,3,3,3,3,3,3,3,3,3,3,3,3,3,3,3,3,3,3,3,3,3,3,3,3,3,3,3,3,3,3,3,3,3,3,3,3,3,3
PHPMailer,0,0,1,1,1,1,1,1,1,1,2,2,2,3,3,5,5,5,5,5,6,6,6,6,7,7,8,8,8,9,9,10,10,11,11,11,11,11,11,11,11,12,12,13,14,14,14,15,15,15,15,15,16,16,16,16,18,18,18,18,18,19,19,19,20,20,20,21,22,24,26,26
brackets,0,1,2,2,3,4,5,5,6,7,8,8,10,11,12,13,13,13,14,14,14,15,15,16,17,18,19,20,20,20,20,20,23,24,25,25,26,26,26,27,27,27,27,28,28,28,29,30,30,30,32,33,35,36,37,37,37,37,37,37,37,37,37,37,37,38,38,38,38,38,38,38
lua-resty-auto-ssl,0,0,0,0,0,0,0,0,0,0,0,0,0,0,0,0,0,0,0,0,0,0,0,0,1,1,1,1,1,2,3,4,4,4,4,4,5,5,5,5,5,6,6,6,7,7,8,8,8,9,9,9,9,9,9,9,9,9,9,9,9,9,9,9,9,9,9,9,9,9,9,9
XX-Net,1,1,1,1,1,1,2,2,2,3,3,3,3,5,7,7,9,9,9,9,9,9,9,9,11,11,12,12,12,12,12,12,12,12,12,13,13,13,15,15,15,15,17,18,19,19,19,19,19,19,19,20,20,21,21,22,23,23,23,23,23,23,23,24,24,24,24,24,25,25,25,25
memcached,0,0,0,0,0,1,1,1,1,1,1,1,1,2,2,2,2,2,3,3,3,3,3,3,4,4,4,4,5,5,6,6,6,6,6,6,6,7,7,8,9,10,12,12,12,12,12,12,12,12,12,12,13,13,16,17,19,19,20,20,21,22,23,23,23,23,23,23,23,23,23,23
textures,0,0,0,0,0,0,0,0,0,0,0,0,0,0,0,0,0,0,0,0,0,0,1,1,1,1,1,1,1,1,1,1,1,1,1,1,1,1,1,1,1,1,1,1,1,1,1,1,1,1,1,1,1,1,1,1,1,1,1,1,1,1,1,1,1,1,1,1,1,1,1,1
prey-bash-client,0,0,0,0,0,0,0,0,0,0,0,0,0,0,0,0,0,0,0,0,0,0,0,0,0,0,0,0,0,0,0,0,1,1,1,1,1,1,1,1,1,1,1,1,1,1,1,1,1,1,1,1,1,1,1,1,1,1,1,1,1,1,1,1,1,1,1,1,1,1,1,1
php-src,1,3,4,9,10,11,14,16,19,23,25,27,31,34,38,40,42,44,46,49,51,53,55,57,60,64,67,71,73,76,76,78,81,82,82,86,89,92,96,98,99,100,102,105,108,109,109,112,114,116,118,119,120,123,126,127,130,132,135,138,139,142,144,145,147,150,153,156,160,161,161,161
Cachet,0,1,1,3,3,3,3,4,4,4,4,4,4,5,5,6,7,7,7,9,9,10,10,10,10,10,13,14,14,14,15,15,16,17,17,17,17,17,17,18,18,19,19,19,20,21,23,24,24,25,25,25,25,26,27,28,30,32,33,34,35,35,36,37,37,37,39,39,39,39,39,41
obs-studio,0,0,1,2,3,3,4,6,6,6,8,9,9,9,12,15,16,18,18,18,20,21,24,26,27,28,30,31,32,32,33,33,35,39,40,44,46,46,48,48,48,51,51,52,53,53,55,56,58,60,60,61,62,64,65,65,69,71,74,76,78,78,80,83,86,88,90,95,101,102,102,102
AndroidUtilCode,0,0,0,0,0,0,0,1,1,1,1,1,1,1,1,1,1,1,1,1,1,1,2,3,3,3,3,3,4,5,5,5,5,5,5,5,6,6,6,6,6,6,6,6,7,7,8,8,8,8,8,8,9,9,9,9,9,9,9,9,9,9,9,9,9,9,9,10,10,10,10,10
rabbitmq-server,0,1,1,1,1,1,1,2,2,2,2,2,2,2,2,2,2,2,2,2,4,4,4,4,4,4,4,4,5,5,5,5,5,5,6,6,8,8,8,8,8,8,9,9,9,9,9,9,9,9,9,10,11,11,11,12,12,13,13,14,14,14,15,15,15,15,16,16,18,19,21,21
diffy,0,0,0,0,0,0,0,0,0,0,0,0,0,0,0,0,0,0,0,0,0,0,0,0,0,0,0,0,0,0,0,0,0,0,0,0,0,0,0,0,0,0,0,2,2,2,2,2,2,2,2,2,2,2,2,2,2,2,2,2,2,2,2,2,2,2,2,2,2,2,2,2
gitlabhq,0,0,0,0,0,0,0,0,0,0,0,0,0,0,0,0,0,0,0,0,0,0,0,0,0,0,0,1,1,1,1,1,1,1,1,1,2,2,2,2,2,3,3,3,3,3,3,3,4,4,4,4,4,5,10,17,22,27,32,38,44,49,56,62,69,71,71,71,71,71,71,71
icepick,0,0,0,0,0,0,0,0,0,0,0,0,0,0,0,1,1,1,1,1,1,1,1,1,1,1,1,1,1,1,1,1,1,1,1,1,1,1,1,1,1,1,1,1,1,1,1,1,1,1,1,1,1,1,1,1,1,1,1,1,1,1,1,1,1,1,1,1,1,1,1,1
awesomo,0,0,1,1,1,1,1,2,2,2,2,2,4,5,6,8,10,10,11,11,14,16,17,18,18,18,19,19,19,19,20,22,22,23,23,23,23,23,23,23,23,23,23,24,24,24,24,24,24,24,24,24,24,24,25,25,25,25,25,25,25,26,26,26,26,26,26,26,26,27,31,31
traefik,3,5,7,8,9,11,11,13,15,16,19,20,23,24,27,29,31,32,34,36,36,37,41,44,44,46,48,52,54,56,56,58,58,60,63,66,69,71,74,75,75,77,79,81,83,87,88,90,91,92,94,95,96,98,101,104,106,111,114,114,115,118,121,121,125,127,128,130,132,134,136,136
tmux,0,0,0,0,0,0,0,0,0,0,0,0,0,0,0,0,0,0,0,0,0,0,0,0,0,0,0,0,0,0,0,0,0,0,0,0,0,0,0,0,0,0,0,0,0,0,0,1,1,1,1,1,1,1,1,1,1,2,2,2,3,3,3,3,3,3,3,3,3,4,4,4
vim,0,0,0,0,0,0,0,0,0,0,0,0,0,0,0,0,0,0,0,0,0,0,0,0,0,0,0,0,0,0,0,0,0,0,0,0,0,0,0,0,0,0,0,0,0,0,0,0,0,0,0,0,0,0,0,0,0,0,0,0,0,0,0,0,0,0,0,0,0,1,1,1
terraform,3,8,11,14,17,18,20,23,25,27,28,31,34,36,39,42,45,47,48,50,52,57,60,63,65,66,68,71,74,78,78,79,80,82,86,90,92,95,97,100,104,108,111,115,119,120,123,124,125,126,127,128,128,128,130,133,136,138,140,141,144,145,147,150,151,152,154,157,160,162,163,163
api,0,0,0,0,0,0,0,0,0,0,0,0,0,0,0,2,3,3,3,3,3,3,3,3,3,3,4,7,7,8,9,10,10,11,11,12,12,12,13,14,14,14,14,14,14,14,14,14,14,14,14,14,14,14,14,14,14,14,14,14,14,14,14,15,16,16,16,16,16,16,16,16
netdata,1,3,3,5,5,6,6,7,10,11,14,15,16,17,19,19,20,23,25,26,27,29,31,31,34,36,37,37,39,39,39,41,42,42,45,45,47,47,48,49,50,51,52,52,54,54,54,54,56,56,56,60,61,62,63,67,74,76,78,79,81,83,85,86,86,87,89,93,99,100,100,100
ua-parser,0,0,0,0,0,0,0,0,0,0,0,0,0,0,0,0,0,0,0,0,0,0,0,0,0,0,0,0,0,0,0,0,0,0,0,0,0,0,0,0,0,0,0,0,0,0,0,0,0,0,0,0,0,0,0,0,0,0,0,0,0,0,0,0,0,0,0,0,0,0,0,0
EventBus,0,0,0,0,0,0,0,0,0,0,0,0,0,0,0,0,0,0,0,0,0,0,0,0,0,0,0,0,1,1,1,1,1,1,1,1,1,1,1,1,1,1,1,1,1,1,1,1,1,1,1,1,1,1,1,1,1,1,1,1,1,1,1,1,1,2,2,2,2,2,2,2
ArnoldC,0,0,0,0,0,0,0,0,0,0,0,0,0,0,0,0,0,0,0,0,0,0,0,0,0,0,0,0,0,0,0,0,0,0,0,0,0,0,0,0,0,0,0,0,0,0,0,0,0,0,0,0,0,0,0,0,0,0,0,0,0,0,0,0,0,0,0,0,0,0,0,0
vimium,0,0,0,0,0,0,0,1,1,1,1,1,1,2,2,2,3,4,7,7,8,9,9,9,9,10,11,11,11,11,11,11,12,12,12,12,13,13,13,13,14,14,14,14,14,14,14,14,14,14,14,14,14,14,14,14,14,15,15,15,15,15,16,16,16,17,18,19,19,20,20,20
clojure-koans,0,0,0,0,0,0,0,0,0,0,0,0,0,0,0,0,0,0,0,0,0,0,0,0,0,0,0,0,0,0,0,0,0,0,0,0,0,0,0,0,0,0,0,0,0,1,1,1,1,1,1,1,1,1,1,1,1,1,1,1,1,1,1,1,1,1,1,1,1,1,1,1
IQKeyboardManager,1,1,1,1,1,2,3,3,3,3,3,4,4,4,4,4,4,5,6,6,7,7,8,9,10,10,10,10,10,11,12,12,13,13,13,13,13,13,13,13,13,13,14,14,15,16,16,17,17,18,19,19,19,19,19,19,19,19,19,20,20,21,22,22,22,22,22,22,22,22,22,22
webpack,2,3,6,11,15,18,20,22,24,27,30,31,34,37,38,39,40,42,42,46,47,49,50,50,54,56,57,58,61,65,68,71,74,75,78,83,87,90,91,95,97,102,106,109,114,117,118,122,126,128,131,134,138,140,141,146,146,148,151,153,154,157,159,160,161,163,164,167,170,171,171,171
mori,0,0,0,0,0,0,0,0,0,0,0,0,0,0,0,0,0,0,0,0,0,0,0,0,0,0,0,0,0,0,0,0,0,0,0,0,0,0,0,0,0,0,0,0,0,0,0,0,0,0,0,0,0,0,0,0,0,0,0,0,0,0,0,0,0,0,0,0,0,0,0,0
mochiweb,0,0,0,0,0,0,0,0,0,0,1,1,1,1,1,1,1,1,1,1,1,1,1,1,1,1,1,1,1,1,1,1,1,1,1,1,1,1,1,1,1,1,1,1,1,1,1,1,1,2,2,2,2,2,2,2,3,3,3,3,4,4,4,4,4,4,4,4,5,7,7,7
Carbon,1,2,2,2,2,2,2,2,2,2,2,3,3,3,3,3,3,3,3,3,3,3,3,4,5,5,6,6,6,7,7,7,8,8,8,9,9,13,15,20,24,26,27,27,28,28,30,31,32,34,35,35,37,37,37,39,40,42,43,45,47,47,49,49,49,52,52,53,54,54,57,58
shellcheck,0,0,1,1,1,1,1,2,2,3,4,4,4,5,5,5,5,5,5,5,5,5,6,6,6,6,6,6,7,8,8,8,10,10,12,12,13,13,15,15,16,17,19,20,22,22,23,24,24,24,24,24,24,25,25,25,25,26,26,26,27,27,27,28,28,29,30,31,31,31,32,32
Log.io,0,0,0,0,0,0,0,0,0,0,0,0,0,0,0,0,0,0,0,0,0,0,0,0,0,0,0,0,0,0,0,0,0,0,0,0,0,0,0,0,0,0,0,0,0,0,0,0,0,0,0,0,0,0,0,0,0,0,0,0,0,0,0,0,0,0,0,0,0,0,0,0
Chart.js,1,3,6,8,10,13,14,15,15,15,15,16,16,16,16,16,16,17,19,21,22,22,24,26,26,28,31,31,31,32,33,33,33,33,35,37,38,40,41,41,42,42,43,43,45,46,47,47,47,48,48,51,51,53,54,54,55,56,58,58,59,59,61,61,61,61,61,63,64,64,64,64
paperwork,0,0,0,0,0,2,3,3,3,3,3,3,3,3,3,3,3,3,3,3,3,3,3,3,3,3,3,3,3,4,5,5,5,5,5,5,5,5,5,5,5,5,5,5,5,5,5,5,5,5,5,5,5,5,5,5,5,5,5,5,5,5,6,6,6,6,6,6,6,6,6,6
Semantic-UI,0,0,0,0,0,1,3,4,5,5,5,5,5,5,5,5,5,5,6,6,7,9,9,10,10,10,10,10,10,11,12,12,12,12,12,14,15,15,15,16,16,18,18,18,18,18,18,18,18,18,19,20,20,21,22,23,23,23,23,23,24,24,24,24,24,24,24,24,25,25,25,25
finagle,0,0,2,3,3,4,6,9,11,11,11,14,17,19,19,20,22,23,25,26,26,26,28,30,30,30,31,31,31,32,32,32,34,37,38,38,38,38,39,39,39,39,40,42,44,44,44,44,46,46,46,47,49,49,50,51,51,52,53,55,57,57,57,58,61,62,65,68,70,74,74,74
Eve,0,0,1,2,3,3,3,3,3,4,4,4,4,4,4,4,4,4,4,4,4,4,4,4,4,4,4,4,4,4,4,4,4,4,4,4,4,4,4,4,4,4,5,5,5,5,5,5,5,5,5,5,5,5,5,5,5,5,5,5,5,5,5,5,5,5,5,5,5,5,5,5
ng2-admin,0,0,0,0,0,0,0,0,0,2,2,2,2,2,2,2,5,6,6,6,7,7,7,7,7,7,8,9,11,11,11,11,11,11,11,11,11,12,12,13,13,13,13,14,14,14,14,14,14,15,15,15,15,16,16,16,16,18,18,18,19,19,21,22,22,22,22,22,22,22,22,22
aleph,0,0,0,0,0,0,0,0,0,0,0,0,0,0,0,2,2,2,2,2,2,2,2,3,3,5,5,5,6,6,6,6,6,7,7,8,8,8,8,9,9,9,9,9,9,9,10,10,10,10,10,10,11,11,11,11,11,11,11,11,13,13,14,15,15,15,15,15,16,16,16,16
Mobile-Detect,0,0,0,1,1,1,1,1,1,1,1,1,2,3,4,4,4,4,4,4,4,4,4,5,6,7,7,8,8,9,9,9,9,10,10,10,10,10,10,10,10,10,10,10,10,10,10,10,10,10,10,10,13,13,14,14,14,14,15,15,15,15,15,15,15,17,17,17,17,17,18,18
IHaskell,0,1,1,2,2,2,2,2,2,2,2,3,4,4,4,4,5,5,6,6,6,6,6,7,7,7,7,7,8,8,8,8,8,8,8,8,8,8,8,8,9,9,10,10,10,10,10,11,11,12,12,12,12,13,13,13,13,13,13,13,13,13,13,13,13,13,14,15,16,17,17,17
MultiMarkdown,0,0,0,0,0,0,0,0,0,0,0,0,0,0,0,0,0,0,0,0,0,0,0,0,0,0,0,0,0,0,0,0,0,0,0,0,0,0,0,0,0,0,0,0,0,0,0,0,0,0,0,0,0,0,0,0,0,0,0,0,0,0,0,0,0,0,0,0,0,0,0,0
YYKit,0,1,1,1,2,2,2,2,2,3,3,3,3,3,3,3,3,3,3,3,3,3,3,3,3,3,3,3,3,3,3,3,3,3,3,3,3,3,3,3,3,3,3,3,3,3,3,3,3,3,3,3,3,3,3,3,3,3,3,3,3,3,3,3,3,3,3,3,3,3,3,3
create-react-app,1,5,7,8,14,18,20,21,21,22,23,25,26,29,30,33,35,37,40,41,44,46,50,51,55,56,57,57,59,60,60,62,68,73,76,78,80,81,81,81,83,86,89,91,93,95,98,100,101,104,106,108,109,111,111,114,116,117,117,117,119,119,120,120,122,123,123,123,128,134,134,134
butterknife,0,0,0,0,2,2,2,2,2,2,3,3,3,3,3,3,3,4,4,4,4,5,5,5,5,6,6,6,7,7,8,8,9,10,11,11,11,11,12,12,13,13,13,14,14,15,16,16,16,16,16,16,16,16,18,18,18,18,18,18,19,19,19,19,19,19,21,21,21,22,22,22
grenade,0,0,0,0,0,0,1,1,1,1,1,1,1,1,1,2,2,2,2,2,2,2,2,2,2,2,2,2,2,2,2,2,2,2,3,3,3,3,3,3,3,3,3,4,4,4,5,5,5,5,5,5,5,5,5,5,5,6,6,6,6,6,6,6,6,6,6,7,8,8,8,8
Alcatraz,0,0,0,0,1,1,1,1,1,1,1,1,1,1,1,1,1,3,3,3,3,3,3,3,3,3,3,3,3,3,3,3,3,3,3,3,3,3,3,3,3,3,3,3,3,3,3,3,3,3,3,3,3,3,3,3,3,3,3,3,3,3,3,3,3,3,3,3,3,3,3,3
chronos,0,0,0,0,0,0,0,0,0,0,0,0,0,0,0,0,0,0,0,1,1,1,1,1,1,1,1,1,1,1,1,1,1,1,1,1,1,1,1,1,1,1,1,1,1,1,1,1,1,1,1,1,1,1,1,1,1,1,1,2,2,2,2,2,2,2,3,3,3,3,3,3
fmdb,0,0,0,0,0,0,0,0,0,0,0,0,1,1,1,2,2,2,2,2,3,3,3,3,3,3,4,4,4,5,5,5,5,5,5,5,5,6,6,7,7,7,7,7,7,7,7,7,7,7,7,8,8,9,9,9,9,9,10,10,10,10,10,11,11,11,11,11,12,12,12,12
At.js,0,0,0,0,0,0,0,0,0,0,0,0,0,0,0,0,0,0,0,0,0,0,0,0,0,0,0,0,0,0,0,0,0,0,1,1,1,1,1,1,1,1,2,2,2,2,2,2,2,2,2,2,2,2,2,2,2,2,2,2,2,2,2,2,2,2,2,2,2,2,2,2
SVProgressHUD,0,0,0,0,0,0,0,0,0,0,1,1,1,1,1,2,2,2,2,3,3,3,3,3,3,3,3,3,4,4,4,4,4,4,5,5,7,8,8,8,8,8,9,9,9,9,9,9,9,9,9,10,10,10,10,10,10,11,12,12,12,12,12,12,12,12,12,12,12,12,12,12
FFmpeg,2,5,9,13,18,21,22,25,26,29,31,33,34,36,38,41,43,44,46,46,48,52,54,57,62,64,69,73,77,79,80,85,88,89,92,94,98,100,105,107,111,113,115,118,122,127,130,133,136,139,139,141,144,146,147,149,151,154,156,158,162,168,172,175,179,184,187,191,196,198,198,198
twemproxy,0,0,0,0,0,0,0,0,0,0,0,0,0,0,0,0,0,0,0,0,0,0,0,0,0,0,0,0,0,0,0,0,0,0,0,0,0,1,1,1,1,1,2,2,2,2,2,2,2,2,2,2,2,2,3,3,3,3,3,3,3,3,3,3,3,3,3,3,3,3,3,3
angular.js,0,1,1,1,3,5,8,8,11,12,12,12,12,13,15,16,16,17,18,18,19,19,20,21,22,22,23,24,24,24,27,28,28,29,30,31,31,31,31,32,32,32,33,33,33,33,33,33,34,34,35,36,36,37,37,38,40,40,40,40,41,42,42,42,43,43,46,47,48,48,48,48
capistrano,0,1,1,1,1,2,2,3,4,4,5,6,6,6,6,7,7,7,8,10,11,13,13,13,13,13,14,14,14,14,14,15,15,15,15,15,15,15,15,15,15,15,15,16,16,17,17,17,17,17,17,17,17,17,17,19,19,20,20,20,20,20,20,20,20,20,20,20,20,20,20,20
hugo,2,3,4,4,6,7,7,8,11,13,15,15,16,16,17,17,17,20,22,24,25,26,27,27,27,28,30,30,32,32,32,33,35,35,37,38,39,40,40,40,40,41,42,42,43,43,44,44,45,45,45,47,48,49,49,49,50,51,52,54,54,56,57,58,60,62,64,67,67,70,70,70
fastlane,2,5,8,11,15,16,19,22,24,28,30,32,35,37,39,41,45,47,48,50,52,56,59,62,65,68,72,74,80,84,85,89,94,97,98,102,105,110,114,116,120,124,127,131,135,138,139,140,144,144,146,149,151,152,153,154,157,158,159,162,163,166,168,169,170,173,177,180,184,190,191,192
activate-power-mode,0,0,0,0,0,0,0,0,0,0,0,1,1,1,2,2,2,2,2,2,2,2,2,2,2,2,2,2,2,2,2,3,3,3,3,3,3,3,3,3,3,3,3,3,3,3,3,3,3,3,3,3,3,3,3,3,3,3,3,3,3,3,3,3,3,3,3,3,3,3,3,3
chroma.js,0,0,0,0,0,0,0,0,0,0,0,0,0,1,1,1,1,2,2,3,3,3,3,3,3,3,3,3,3,3,3,3,3,3,3,3,3,3,3,3,3,3,3,3,3,3,4,4,4,4,4,4,4,4,4,4,4,4,6,6,6,6,6,6,6,6,6,6,6,7,7,7
re-frame,1,1,1,1,1,2,4,6,6,7,8,9,10,11,14,14,14,17,18,20,20,20,20,21,21,22,22,27,27,28,28,28,28,28,28,28,31,33,33,33,33,35,35,35,35,35,35,35,35,36,36,36,39,39,39,39,40,40,40,40,40,40,40,42,43,45,46,47,47,47,47,47
akka,1,2,6,7,10,13,17,18,21,22,24,26,29,29,32,34,38,40,43,44,47,47,50,52,55,58,60,63,64,66,66,68,70,72,74,75,77,80,85,86,87,90,92,94,95,99,101,105,110,112,116,121,126,128,130,133,137,139,145,149,152,153,155,158,161,164,166,169,173,178,178,178
zxcvbn,0,0,0,0,0,0,0,0,0,0,0,0,0,0,0,0,0,0,0,1,1,1,1,1,1,1,1,1,1,1,1,1,1,1,1,1,1,1,1,1,1,1,1,1,1,1,1,1,1,1,1,1,1,1,1,1,1,1,1,1,1,1,1,1,1,1,1,1,1,1,1,1
FLEX,0,0,1,1,1,1,2,2,2,2,3,3,3,3,3,3,3,3,3,3,3,3,3,3,3,3,3,3,3,3,3,3,3,5,5,5,5,5,5,5,5,5,6,6,7,7,7,7,7,7,7,7,7,8,8,8,8,9,10,10,10,11,12,12,13,13,13,13,13,13,13,13
rebar,0,0,0,0,0,0,0,0,0,0,0,0,0,0,0,0,0,0,0,0,0,0,0,0,0,0,0,0,0,0,0,0,0,0,0,0,0,0,0,0,0,0,0,0,0,0,0,0,0,0,0,0,0,0,0,0,0,0,0,0,0,0,0,0,0,0,0,0,0,0,0,0
yesod,0,0,0,1,1,1,1,2,2,2,3,3,5,7,8,8,9,10,10,10,10,10,10,10,11,12,12,13,13,14,14,14,14,15,16,16,18,18,18,18,19,19,19,19,19,20,20,21,21,21,22,22,22,23,23,25,25,25,26,26,27,29,30,30,30,30,30,32,32,32,32,32
material-dialogs,0,0,0,0,1,1,1,2,2,2,2,2,2,5,6,6,6,6,6,6,7,7,7,7,7,7,7,7,7,7,7,7,7,7,7,7,7,7,7,7,7,7,7,7,7,7,7,7,7,7,7,7,7,7,7,7,7,7,7,7,7,7,7,7,7,7,7,7,7,8,8,8
lein-figwheel,0,0,0,0,1,1,2,3,3,4,4,4,4,4,4,4,4,4,4,4,4,5,5,5,5,5,6,6,7,7,7,7,8,9,9,9,9,10,11,12,13,13,13,13,13,13,14,14,14,14,14,14,14,14,15,16,16,16,16,16,16,16,17,17,17,17,17,17,17,17,17,17
ghcjs,1,1,1,2,2,2,2,2,2,2,2,2,2,2,2,2,2,2,2,2,2,2,2,2,2,2,3,3,3,3,3,3,3,3,3,3,3,3,3,3,3,3,3,3,3,3,3,3,3,3,3,3,3,3,3,3,3,3,3,3,3,3,3,3,3,3,3,3,3,3,3,3
riak_core,0,0,0,0,0,0,0,0,0,0,0,0,0,0,0,0,0,0,0,0,0,0,0,0,0,0,0,0,0,0,0,0,0,0,0,0,0,0,0,0,0,0,0,0,0,0,0,0,0,0,0,0,0,0,0,0,0,0,0,0,0,0,0,0,0,0,0,0,0,0,0,0
homebrew-cask,3,9,16,23,30,35,41,46,52,58,65,72,79,86,93,98,105,110,117,124,131,138,145,152,159,165,172,178,185,192,199,206,213,218,225,231,237,243,250,256,262,269,275,282,289,296,303,310,316,322,329,336,342,349,356,363,370,376,383,390,396,403,409,414,421,428,435,442,449,455,461,461
vernemq,0,0,0,0,0,0,0,0,0,0,0,0,0,1,1,1,1,1,1,1,1,1,1,1,1,1,1,1,1,1,1,1,1,1,1,1,1,1,1,1,1,1,1,1,1,1,1,1,1,2,3,3,3,3,3,3,4,4,4,4,4,4,4,4,4,4,4,4,6,6,7,7
bootstrap,2,3,4,6,9,11,12,13,13,15,18,22,26,31,33,36,38,42,45,49,53,56,58,59,61,62,62,63,64,65,68,70,75,78,81,83,85,87,91,92,93,97,98,100,101,104,106,108,109,109,112,112,113,115,116,118,120,122,125,125,128,131,131,133,135,136,137,139,141,143,143,143
purescript,0,1,2,2,2,2,2,3,4,4,6,7,8,9,10,12,14,15,15,15,16,17,17,18,20,20,21,22,22,24,24,24,24,24,24,24,24,24,24,24,24,24,24,25,25,28,31,33,33,36,36,36,37,37,37,37,37,37,37,37,37,37,38,38,38,39,40,40,40,41,41,41
django,2,5,11,15,17,19,23,26,28,28,34,38,41,45,47,51,56,59,60,66,70,74,78,79,79,83,86,90,93,97,99,103,107,110,113,117,123,127,131,135,139,144,149,155,160,166,171,174,177,181,187,190,194,197,200,204,208,211,214,220,223,227,230,235,239,242,246,252,255,259,259,259
dotfiles,0,0,0,0,0,0,1,2,2,2,2,2,2,2,2,2,2,2,2,2,2,2,2,2,2,2,2,2,3,3,3,3,3,3,3,3,3,3,3,3,3,3,3,3,3,3,3,3,3,3,3,3,3,3,3,4,4,4,4,4,4,4,4,5,5,5,5,5,5,6,6,6
gitolite,0,0,0,0,0,0,0,0,0,1,1,1,1,1,1,1,1,1,1,1,1,1,1,1,1,1,1,1,1,1,1,1,1,1,1,1,1,1,1,1,1,1,1,1,1,2,2,2,2,2,2,2,2,2,2,2,2,2,2,2,2,2,2,2,2,2,2,2,2,3,3,3
WordPress,0,0,0,0,0,0,1,1,1,1,2,2,3,3,3,3,4,4,4,4,4,4,5,5,5,5,7,7,7,7,7,7,7,7,7,7,8,9,10,11,12,13,13,13,13,13,13,14,15,15,15,15,15,15,15,15,16,17,17,18,18,19,20,22,23,26,28,31,31,33,36,36
ghc,0,2,4,6,7,8,8,8,11,14,15,17,19,20,21,23,24,25,25,25,27,28,30,31,31,32,32,32,33,34,34,35,36,37,37,38,38,40,40,41,42,42,43,45,46,49,50,51,53,55,60,62,66,67,70,73,75,76,79,82,86,90,94,96,97,101,102,107,110,114,115,115
nikto,0,0,1,1,1,2,2,2,2,3,3,3,4,4,4,4,4,4,5,5,5,5,5,5,5,5,5,5,5,5,5,5,6,6,7,8,9,10,10,10,10,10,10,10,10,10,10,10,10,12,12,12,12,13,13,13,14,14,14,15,16,16,17,17,18,18,18,19,19,19,19,19
martini,0,0,0,0,0,0,0,0,0,0,0,0,0,0,0,0,0,0,0,0,0,0,0,0,0,0,0,0,0,0,0,0,0,0,0,0,0,0,0,0,0,0,0,0,0,0,0,0,0,0,0,0,0,0,0,0,0,0,0,0,0,0,0,0,0,0,0,0,0,0,0,0
react-native,2,7,12,17,20,23,28,33,38,43,48,53,57,62,68,71,77,82,88,94,100,102,108,114,118,121,126,130,133,137,138,140,147,150,154,159,161,166,169,173,178,184,190,192,198,202,206,209,212,217,220,223,226,230,235,239,243,248,252,258,262,267,272,277,282,286,292,297,301,307,307,307
vagrant,0,2,6,6,9,13,14,15,17,19,23,25,26,27,30,30,32,34,35,36,37,39,40,41,41,42,43,47,50,51,53,56,58,58,60,63,64,66,69,71,72,75,77,78,79,81,84,84,87,89,89,92,95,96,100,100,101,104,106,107,109,111,112,112,113,115,118,119,121,123,125,125
Keypress,0,0,0,0,0,0,0,0,0,0,0,0,0,0,0,0,0,0,0,1,1,1,1,1,1,1,1,1,1,2,2,2,2,2,2,2,2,2,2,2,2,2,2,2,2,2,2,2,2,2,2,2,2,2,2,2,2,2,2,2,2,2,2,2,2,2,2,2,2,3,3,3
ant-design,1,6,8,11,13,18,20,23,26,31,34,38,40,43,47,51,57,62,65,69,73,78,80,82,83,85,88,91,96,100,104,108,114,117,122,126,130,131,132,134,139,142,146,151,154,158,164,169,172,174,178,183,187,191,195,198,203,206,209,215,220,226,231,235,239,245,250,255,262,263,263,263
DZNEmptyDataSet,0,0,0,0,0,0,0,0,0,0,0,0,0,0,0,0,0,0,0,0,0,0,0,0,0,0,0,0,0,0,0,0,0,0,1,1,1,1,1,1,1,1,1,1,1,1,1,1,1,1,1,1,1,1,1,1,1,1,1,1,1,1,1,1,1,1,1,1,1,1,1,1
awesome-awesomeness,1,1,1,2,2,3,3,4,4,5,5,5,5,5,6,6,7,8,8,8,8,8,9,10,10,10,10,10,10,10,12,12,13,14,16,17,17,17,18,19,19,20,20,20,20,21,21,21,21,21,21,21,21,22,23,24,24,24,25,25,25,26,26,27,27,28,28,28,28,28,28,28
freeCodeCamp,1,4,7,10,15,15,15,18,18,21,24,24,29,31,34,36,37,37,40,40,44,48,51,51,51,52,52,55,58,61,65,70,74,78,81,83,87,89,93,95,99,102,105,108,113,115,117,122,125,126,128,130,136,139,143,147,148,148,149,150,151,153,153,154,154,157,158,158,161,163,163,163
piwik,0,0,0,1,1,1,1,1,2,4,4,4,4,4,5,5,8,8,8,10,11,11,11,12,14,14,14,15,17,18,18,18,18,21,22,23,23,23,23,24,24,25,25,25,26,26,27,28,30,32,33,35,37,37,39,40,43,43,44,44,45,45,46,47,47,48,48,48,49,49,51,53
MongooseIM,0,1,1,2,2,3,3,4,4,5,6,7,8,8,8,8,10,10,10,10,10,10,10,10,11,12,13,14,14,14,14,14,15,16,17,18,19,20,20,20,21,21,21,21,22,22,22,23,23,23,25,25,25,26,27,28,29,30,31,33,34,35,36,36,38,41,41,41,42,43,45,45
glide,0,1,2,3,3,3,4,5,5,7,8,9,9,9,11,12,14,14,18,18,19,20,21,23,24,25,25,26,28,28,28,28,28,28,28,28,30,31,31,33,34,34,34,35,36,37,37,37,37,38,38,38,38,38,38,41,42,43,43,44,46,46,46,46,46,46,46,47,49,49,49,49
wrk,0,0,0,0,0,0,0,0,0,0,0,0,0,0,0,0,0,0,0,0,0,0,0,0,0,0,0,0,0,0,0,0,0,1,1,1,1,1,1,1,1,1,1,1,1,1,1,1,1,1,1,1,1,1,1,1,1,1,1,1,1,1,1,1,1,1,1,1,1,1,1,1
nuklear,1,1,1,1,1,1,1,1,1,1,3,6,6,7,7,7,10,10,12,12,13,13,13,15,15,16,16,17,17,17,17,20,21,21,22,25,27,27,27,28,28,28,30,31,32,35,35,35,35,36,36,36,36,37,37,38,38,40,40,40,41,41,41,42,43,45,45,47,47,47,47,47
iCarousel,0,0,0,0,0,0,0,0,0,0,0,0,0,0,0,0,0,0,0,0,0,0,0,0,0,0,0,0,0,0,0,0,0,0,0,0,0,0,0,0,0,0,0,0,0,0,0,0,0,0,0,0,0,0,0,0,0,0,0,0,0,0,0,0,0,0,0,0,0,0,0,0
paperclip,0,0,0,0,1,1,1,1,1,1,1,1,1,1,1,1,1,1,1,2,2,4,4,4,4,5,5,5,5,5,5,5,6,6,8,10,10,11,12,13,15,16,16,16,16,16,16,16,18,20,22,22,22,22,22,22,22,22,22,22,23,23,23,23,23,23,23,24,24,24,25,25
Masonry,0,0,1,1,2,2,2,2,2,2,3,3,3,3,3,4,4,6,6,6,6,6,6,6,6,6,6,6,6,6,6,6,6,6,6,6,6,6,6,6,6,6,6,6,6,6,6,6,6,6,6,6,6,6,6,6,6,6,6,6,6,6,6,6,6,6,6,6,6,6,6,6
yi,0,0,0,1,1,1,2,2,3,3,3,3,3,3,4,4,4,5,6,7,7,7,7,7,7,7,7,7,7,7,7,7,7,7,7,7,8,8,8,8,8,8,8,8,8,8,8,9,10,10,10,11,11,11,11,11,11,11,11,11,12,12,12,12,12,12,12,12,12,12,12,12
materialize,2,4,5,7,9,10,11,15,15,16,16,16,16,16,16,16,16,17,17,17,17,17,17,18,20,21,22,23,25,25,26,27,30,31,33,33,33,35,38,38,39,39,39,41,41,41,43,45,47,47,47,47,49,49,49,49,49,49,50,50,50,50,50,50,50,50,51,51,52,52,52,52
duckduckgo,0,0,0,0,0,0,0,0,0,0,0,0,0,0,0,0,0,0,0,0,0,0,0,0,0,1,1,1,1,1,1,1,1,1,1,1,1,1,1,1,1,1,1,1,1,1,1,1,1,1,1,1,1,1,1,1,1,1,1,1,1,1,1,1,1,1,1,1,1,1,1,1
playframework,0,0,0,2,5,6,8,10,13,15,16,16,17,18,20,21,22,25,28,29,31,33,35,35,35,38,39,41,41,42,43,45,45,46,46,47,48,49,50,51,53,54,54,55,55,55,57,58,61,63,64,64,64,64,68,68,69,70,71,72,73,75,77,79,81,82,85,86,89,92,92,92
grpc,0,0,2,2,4,4,6,8,10,14,17,19,21,23,24,28,32,35,36,40,42,45,47,47,50,53,56,58,59,60,61,61,62,63,66,69,71,74,78,81,83,85,89,92,93,94,95,96,97,98,101,103,105,107,111,115,116,119,121,125,127,131,137,139,144,145,148,152,157,159,159,159
actordb,0,0,0,0,0,0,0,0,1,1,1,1,1,1,1,1,1,1,1,1,1,1,1,1,1,1,1,1,1,1,1,1,1,1,1,1,1,1,1,1,1,1,1,1,1,1,1,1,1,1,1,1,1,2,2,2,2,2,2,2,3,3,3,3,3,3,3,3,3,3,3,3
flockdb,0,0,0,0,0,0,0,0,0,0,0,0,0,0,0,0,0,0,0,0,0,0,0,0,0,0,0,0,0,0,0,0,0,0,0,0,0,0,0,0,0,0,0,0,0,0,0,0,0,0,0,0,0,0,0,0,0,0,0,0,0,0,0,0,0,0,0,0,0,0,0,0
reagent,1,1,1,1,1,1,1,1,1,1,1,1,1,1,1,1,1,1,2,3,4,4,4,4,4,4,4,4,4,4,4,4,4,4,4,4,4,4,5,6,6,7,7,7,7,8,8,9,9,9,10,11,11,12,12,13,13,13,13,14,14,16,16,17,17,19,19,20,21,22,22,22
java-design-patterns,1,2,3,3,3,3,3,3,5,5,6,7,7,10,10,12,16,18,19,19,22,22,25,27,28,28,28,28,30,30,32,33,35,37,40,41,41,41,41,42,45,46,47,48,49,52,52,53,53,54,54,56,56,56,57,57,58,59,59,60,60,60,60,60,63,65,66,67,67,69,69,69
cakephp,1,4,7,7,9,10,12,13,13,16,18,21,21,23,26,28,30,31,33,35,36,36,37,37,38,39,40,41,42,43,45,46,47,49,50,50,50,53,55,57,59,61,62,62,63,66,70,73,74,74,75,77,79,79,81,83,86,88,89,91,91,91,92,94,98,102,103,104,104,107,111,112
SDWebImage,0,0,0,2,2,2,2,3,4,5,5,7,7,7,7,7,7,7,7,7,8,8,8,8,8,8,8,9,9,9,9,9,11,11,11,11,11,11,11,11,13,13,13,13,13,13,13,14,14,14,14,15,16,16,16,17,17,17,18,18,18,18,19,19,20,20,22,22,22,22,22,22
lamdu,1,1,1,1,1,1,1,1,1,1,1,1,1,1,1,1,1,2,2,2,2,2,2,2,2,2,2,2,2,2,2,2,2,2,2,2,2,2,2,2,2,2,2,3,3,3,3,3,3,3,3,3,3,3,3,3,3,3,3,3,3,3,3,3,3,3,3,3,3,5,5,5
clojure-cookbook,0,0,0,0,0,0,0,0,0,0,0,0,0,0,0,0,0,0,0,0,0,0,0,0,0,0,0,0,0,0,0,0,0,0,0,0,0,0,0,0,0,0,0,0,0,0,0,0,0,0,1,2,2,2,2,2,2,2,2,2,2,2,2,2,2,2,2,2,2,2,2,2
ejabberd,1,2,2,2,2,3,4,5,6,7,8,8,8,8,8,8,8,8,8,10,10,12,13,13,14,14,15,16,17,17,17,17,18,18,18,18,19,20,21,22,22,23,23,25,25,26,26,27,27,27,27,28,28,29,29,29,30,33,35,36,36,37,37,37,37,38,39,41,41,43,44,44
shadowsocks,0,0,0,0,0,0,0,0,0,0,0,0,0,0,0,0,0,0,0,0,0,0,0,0,0,0,0,0,0,0,0,0,0,0,0,0,0,0,0,0,0,0,0,0,0,0,0,0,0,0,0,0,0,0,0,0,0,0,0,0,0,0,0,0,0,0,0,0,0,0,0,0
lantern,0,0,0,0,0,0,0,0,0,0,0,0,0,0,0,0,0,0,0,0,0,0,0,0,0,0,0,0,0,0,0,0,0,0,0,0,0,0,0,1,1,2,2,2,2,2,2,2,2,2,2,2,2,2,2,2,2,2,2,2,3,3,3,3,3,3,3,3,3,3,3,3
lfe,0,1,1,1,1,1,1,1,1,1,1,1,1,1,1,1,1,1,1,1,1,1,1,1,1,1,1,1,1,1,1,1,1,1,1,1,1,1,1,1,1,1,1,1,1,1,1,1,1,1,1,1,1,1,2,2,2,2,2,2,2,2,2,2,2,2,2,2,2,2,2,2
revel,0,0,0,0,0,0,1,2,3,3,3,3,3,3,3,3,3,3,3,3,3,4,5,5,5,5,6,7,7,7,7,7,7,7,9,10,10,10,11,11,11,11,13,13,13,13,13,13,13,13,13,13,13,13,13,13,14,14,15,15,15,15,15,15,16,16,16,16,17,17,17,17
owasp-modsecurity-crs,1,1,2,2,2,2,2,2,3,3,3,4,4,4,4,4,4,4,4,4,6,6,6,6,6,6,6,6,7,7,7,7,8,8,9,10,11,11,11,11,11,11,12,12,12,12,12,12,12,12,13,13,14,14,14,14,14,14,14,14,15,15,17,18,18,19,20,20,20,22,23,23
tidb,1,1,3,4,6,9,11,13,16,17,18,18,20,21,22,22,23,24,24,26,28,29,31,31,34,37,40,41,42,43,43,44,45,45,45,45,48,49,49,49,50,52,56,61,61,61,62,64,66,66,66,66,68,69,70,72,73,76,78,79,81,82,82,84,85,86,89,92,97,103,103,103
emscripten,0,0,2,2,2,3,7,7,9,10,10,10,10,12,13,14,16,19,20,22,22,24,24,25,25,25,25,25,26,27,27,28,29,30,32,33,35,37,37,37,38,40,42,43,45,46,46,47,50,50,51,51,54,56,58,60,62,66,68,70,73,73,74,75,76,78,80,84,87,88,88,88
winjs,0,0,0,0,0,0,0,0,1,1,1,1,1,1,1,1,1,1,1,1,1,1,1,1,1,1,1,1,1,1,1,1,1,1,1,1,1,1,1,1,1,1,1,1,1,1,1,1,1,1,1,1,1,1,1,1,1,1,1,1,1,1,1,1,1,1,1,1,1,1,1,1
vibrant.js,0,0,0,0,0,0,0,0,0,0,0,0,0,0,0,0,0,0,0,0,0,0,0,0,0,0,1,1,1,1,1,1,1,1,1,1,1,1,1,1,1,1,1,1,1,1,1,1,1,1,1,1,1,1,1,1,1,1,1,1,1,1,1,1,1,1,1,1,1,1,1,1
elm-compiler,0,0,0,0,0,0,2,2,2,2,2,2,3,3,3,3,3,3,3,3,3,3,3,3,3,3,3,3,3,3,3,3,3,3,3,3,3,3,3,3,3,3,3,3,3,3,3,3,3,3,3,3,3,3,4,5,5,5,5,5,5,5,5,5,7,8,8,10,10,10,10,10
angular,1,2,3,5,6,8,12,16,19,22,27,30,33,34,39,39,40,43,45,48,50,53,56,62,66,69,73,78,80,81,87,92,95,99,103,107,111,116,119,123,127,130,135,138,142,147,152,154,156,161,165,169,172,178,183,186,190,193,197,201,208,214,220,225,226,229,234,238,243,244,244,244
playground,0,0,0,0,0,0,0,0,0,0,0,0,0,0,0,0,0,0,0,0,0,0,0,0,0,0,0,0,0,0,0,0,0,2,2,2,2,2,2,2,2,2,2,3,3,4,4,4,4,4,4,4,4,4,4,4,4,4,4,4,4,5,5,5,5,5,5,5,5,5,5,5
okhttp,0,0,0,1,1,3,3,4,4,6,8,8,8,9,11,11,11,12,12,12,12,12,13,13,13,13,15,15,16,17,17,18,19,20,21,21,22,24,26,28,28,28,28,28,28,28,28,28,28,29,29,30,31,32,32,32,32,34,34,34,34,34,35,35,35,36,36,38,39,40,40,40
sbt,1,1,1,1,1,1,1,1,1,1,1,2,2,2,2,5,5,6,7,7,8,9,11,11,11,13,14,15,16,17,17,17,17,18,19,19,21,22,22,22,25,27,27,27,30,33,34,37,38,38,39,40,41,44,45,47,48,49,50,51,51,51,53,57,58,59,61,62,63,66,66,66
cockroach,0,2,5,6,7,8,8,9,11,11,12,13,13,15,15,15,15,17,18,19,21,21,22,24,25,26,26,27,28,32,32,36,38,40,41,41,42,43,43,43,44,44,45,48,51,53,55,57,59,61,61,61,62,63,63,64,65,66,68,70,71,75,76,77,77,78,81,85,88,94,98,98
Android-Universal-Image-Loader,0,0,0,0,0,0,0,0,0,0,0,0,0,0,0,0,0,0,0,0,0,0,0,0,0,0,0,0,0,0,0,0,0,0,0,0,0,0,0,0,0,0,0,0,0,0,0,0,0,0,0,0,0,0,0,0,0,0,0,0,0,0,0,0,0,0,0,0,0,0,0,0
big-list-of-naughty-strings,0,0,0,0,0,0,0,0,0,0,0,0,0,0,0,0,0,0,0,0,0,0,0,1,1,1,1,1,1,1,1,1,1,1,1,1,1,2,3,3,4,4,5,5,5,5,5,5,5,5,5,5,5,5,5,5,5,5,5,5,5,5,6,6,6,6,6,6,6,6,6,6
koel,0,0,0,0,0,0,0,0,0,0,0,0,0,0,0,0,0,0,0,0,0,0,0,1,1,1,2,2,3,3,3,3,3,3,3,3,3,3,3,3,3,3,3,3,3,3,3,3,3,3,3,3,3,3,4,5,5,5,5,5,5,5,5,5,5,5,5,5,5,6,7,7
laravel,0,1,1,2,4,6,7,9,10,11,13,16,16,16,18,18,19,20,20,21,22,23,25,26,27,28,30,30,30,34,34,35,35,35,35,36,38,40,41,43,44,45,48,49,51,53,53,53,54,56,57,57,58,58,58,59,59,60,63,63,64,65,66,68,69,72,76,79,80,84,87,87
pgbadger,0,0,0,0,0,0,0,0,0,0,0,0,0,0,0,0,0,0,0,0,0,0,0,0,0,0,0,0,0,0,0,0,0,0,0,0,0,0,0,0,0,0,0,0,0,0,0,0,0,0,0,0,0,0,0,0,0,0,0,0,0,0,0,0,0,1,1,2,2,2,2,2
html5-boilerplate,0,1,1,1,2,3,3,4,4,4,5,6,6,6,6,6,6,7,8,8,8,8,9,10,10,10,12,12,12,12,12,12,12,12,12,12,13,13,13,13,13,13,14,15,15,15,16,16,16,16,17,17,17,17,17,17,17,17,17,17,17,17,18,19,19,19,19,19,20,20,20,20
diaspora,0,0,0,0,0,0,0,2,2,2,3,4,5,5,6,6,6,6,6,6,6,6,6,6,6,6,6,6,6,6,7,7,7,7,7,8,9,9,10,10,11,11,13,13,14,15,15,15,15,15,16,17,19,20,20,20,21,21,22,22,22,22,22,22,23,23,23,23,23,23,25,25
satellizer,0,0,0,0,0,0,0,0,0,0,0,0,0,0,0,0,0,0,0,0,0,0,0,0,0,0,0,0,0,0,0,0,0,0,0,0,0,0,0,0,0,0,0,0,0,0,0,0,0,0,0,0,0,0,0,0,0,0,0,0,0,0,0,0,0,0,0,0,0,0,0,0
elasticsearch,1,4,7,9,10,13,17,19,19,21,23,25,28,30,33,37,39,40,44,46,49,51,55,59,62,64,68,70,72,74,75,77,82,85,88,92,94,98,102,108,110,113,116,119,122,126,128,130,135,138,142,144,144,146,149,150,155,157,162,165,168,171,175,179,181,185,190,194,199,203,203,203
ionic,1,4,5,5,5,6,6,6,6,6,7,7,7,7,7,7,8,8,8,8,8,8,8,8,8,8,8,8,8,8,9,9,9,9,9,9,9,9,10,11,11,12,12,12,14,15,15,15,15,15,18,18,18,19,19,20,20,20,22,24,25,25,29,31,34,36,37,41,43,45,45,45
scalding,0,0,0,1,1,1,1,1,1,1,1,1,1,1,1,2,2,3,3,3,4,4,5,5,5,5,5,5,6,7,7,7,7,7,7,7,7,7,7,8,9,10,10,11,11,11,11,12,13,13,13,13,13,13,13,14,14,14,14,14,14,15,16,18,18,19,19,19,19,19,19,19
Arduino,0,0,2,2,2,2,3,3,4,4,4,4,4,4,5,6,6,6,7,7,8,8,8,9,10,10,10,10,10,10,10,10,12,12,12,12,12,12,12,12,12,13,13,13,14,14,14,15,15,15,15,17,18,19,19,19,20,20,20,20,20,21,21,21,22,23,23,24,25,25,25,25
awesome-go,3,5,7,8,10,14,16,17,19,21,27,30,32,34,37,41,41,43,44,47,50,53,54,59,60,64,66,71,74,74,74,80,83,85,86,90,93,96,98,100,102,106,108,112,115,116,120,123,127,130,132,134,136,136,138,138,138,141,141,144,147,148,149,153,155,156,157,158,160,161,163,163
guzzle,0,1,1,2,2,2,2,2,2,2,2,2,2,2,2,3,4,4,4,4,4,6,6,6,6,7,8,9,9,9,10,12,12,12,12,13,13,14,14,14,15,15,15,16,17,17,18,19,19,19,19,20,20,20,21,21,22,22,22,22,23,24,25,25,25,25,26,27,27,27,29,30
ring,0,0,1,2,2,2,2,2,3,3,3,3,3,4,4,4,4,4,4,6,6,7,7,7,7,7,8,9,9,9,9,9,9,9,9,9,9,10,10,10,11,12,12,12,12,12,13,13,13,13,13,13,14,14,14,15,15,15,15,15,15,15,17,17,17,17,17,18,18,18,18,18
mojo,0,0,0,0,0,0,0,0,1,1,3,3,3,3,4,4,4,4,4,4,4,4,5,6,7,7,7,7,7,8,8,8,8,8,8,9,10,11,11,11,11,11,11,11,11,12,13,13,13,14,16,16,16,17,17,17,17,17,17,18,18,18,18,18,18,18,19,21,21,21,22,22
ABTestingGateway,0,0,0,0,0,0,0,0,0,0,0,0,0,0,0,0,0,0,0,0,0,0,0,0,0,0,0,0,0,0,0,0,0,0,0,0,0,0,0,0,0,0,0,0,0,0,0,0,0,0,0,0,0,0,0,0,0,0,0,1,2,2,2,2,2,2,2,2,2,2,2,2
scalatra,0,0,0,0,0,0,0,0,1,1,1,1,1,2,2,2,2,2,2,2,2,2,2,2,4,4,4,5,5,5,5,5,5,5,5,5,5,5,5,5,5,6,6,6,6,7,7,8,8,9,9,9,9,9,10,10,10,10,10,10,10,11,13,13,13,13,13,13,13,14,14,14
pandoc,0,0,1,1,1,1,2,4,4,4,4,5,7,7,7,7,7,8,10,13,13,14,18,19,20,21,21,21,23,24,25,27,28,29,30,30,31,32,33,33,34,35,37,39,40,40,41,43,45,45,45,46,47,49,50,51,51,51,53,54,54,59,59,61,63,63,65,67,70,73,75,75
gitit,0,0,0,0,0,0,0,0,0,0,0,0,0,0,0,0,0,0,0,0,0,0,0,0,0,0,0,0,0,0,0,0,0,0,0,0,0,0,0,0,0,0,0,0,0,0,0,0,0,0,0,0,0,0,0,0,1,1,1,1,1,2,3,3,3,3,3,3,3,3,3,3
rails,2,5,8,11,15,21,27,30,37,42,49,55,60,63,64,66,72,78,84,88,92,97,102,106,110,116,122,126,130,133,137,140,144,148,153,160,164,168,174,177,181,186,192,194,200,204,209,216,221,225,229,235,241,245,249,255,260,265,268,273,277,283,289,295,299,304,311,318,323,329,334,334
sicp-pdf,0,0,0,0,1,1,1,1,1,1,1,1,1,2,2,2,2,2,2,2,2,2,2,2,2,2,2,2,2,2,2,2,2,2,2,2,2,2,2,2,2,2,2,2,2,2,2,2,2,2,2,2,2,2,2,2,2,2,2,4,4,4,4,4,4,4,4,4,4,4,4,4
Idris-dev,1,3,4,5,7,8,8,10,12,14,14,15,15,15,15,15,16,17,17,19,21,22,25,26,27,29,31,33,34,36,36,38,38,38,39,41,41,44,49,51,52,56,58,60,62,63,63,64,65,65,66,69,71,72,73,74,76,77,78,79,80,80,80,81,81,82,83,84,85,86,86,86
legacy-homebrew,0,0,0,0,0,0,0,0,0,0,0,0,0,0,0,0,0,0,0,0,0,0,0,0,0,0,0,0,0,0,0,0,0,0,0,0,0,0,0,0,0,0,0,0,0,0,0,0,0,0,0,0,0,0,0,0,0,0,0,0,0,0,0,0,0,0,0,0,0,0,0,0
schema,0,0,0,0,0,0,0,0,0,0,0,0,0,0,0,0,0,1,1,1,1,1,1,1,1,1,1,1,1,1,1,1,1,1,1,1,1,1,1,1,1,1,1,3,3,3,3,3,3,3,3,3,3,3,3,4,4,4,4,4,4,5,5,5,5,5,5,5,5,5,5,5
hub,0,0,0,2,2,3,3,3,3,3,4,5,5,7,7,7,8,8,8,8,10,10,10,11,11,11,11,11,11,11,12,12,13,13,14,15,16,18,18,18,20,21,21,21,21,21,21,22,23,23,24,24,25,26,29,29,29,30,30,30,30,30,31,31,31,33,33,33,33,34,34,34
prometheus,1,2,2,2,2,3,5,8,9,10,13,15,17,18,20,20,21,21,23,26,28,30,31,37,39,40,42,46,47,47,47,48,50,51,53,55,57,60,63,63,65,66,69,71,74,74,76,78,80,81,81,81,81,83,84,85,86,89,90,91,96,98,99,102,107,108,109,110,113,115,117,117
huginn,1,1,1,1,2,3,3,4,7,9,10,10,10,10,12,13,13,13,13,13,13,13,13,13,13,14,14,14,14,14,14,15,15,15,15,17,17,18,18,18,18,18,19,19,20,20,21,22,22,23,23,24,25,26,27,27,27,27,28,29,29,30,30,31,31,31,31,31,31,31,32,32
mastodon,0,3,3,5,7,9,12,13,16,20,22,22,24,28,31,32,37,39,42,45,48,50,51,55,58,62,65,68,70,71,72,75,75,80,81,83,84,86,89,92,97,98,100,105,108,111,117,119,120,122,125,126,128,129,130,133,138,141,144,144,145,146,150,154,159,164,167,171,173,178,184,184
jquery,0,0,1,2,3,3,3,3,3,3,4,5,5,5,5,5,5,6,6,6,6,6,6,6,6,7,8,8,8,8,8,8,9,9,9,9,9,9,9,9,11,11,11,11,11,11,12,12,12,13,15,15,15,15,15,16,16,16,16,16,17,19,19,19,20,21,22,22,22,22,22,22
composer,0,2,4,6,7,8,10,10,11,12,15,17,17,20,22,25,27,28,29,32,32,33,34,35,37,38,40,44,48,50,50,53,55,58,59,60,62,63,66,66,67,68,70,71,72,74,74,75,76,77,79,81,82,86,87,90,91,92,93,96,99,101,103,103,105,108,110,111,111,112,112,112
cpython,3,8,12,17,21,23,25,27,32,35,39,42,44,48,54,57,64,69,73,76,80,84,90,95,100,105,110,112,115,118,119,121,124,124,129,133,138,143,148,154,157,159,164,167,169,172,176,181,184,186,192,197,203,209,213,215,219,224,228,231,236,240,246,248,252,257,261,268,275,281,281,281
Mantle,0,0,0,0,0,0,0,1,1,1,1,1,1,1,1,1,1,2,2,2,2,2,2,2,2,2,2,2,2,2,2,2,2,2,2,2,2,2,2,2,2,2,2,2,2,2,2,3,3,3,3,3,3,3,3,3,3,3,3,3,3,3,4,4,4,4,4,4,4,4,4,4
The-Art-Of-Programming-By-July,0,0,0,0,0,0,0,0,0,0,0,0,0,0,0,0,0,0,0,0,0,0,0,0,0,0,0,0,0,0,0,0,0,0,0,0,0,0,0,0,0,0,0,0,0,0,0,0,0,0,0,0,0,0,0,1,1,1,1,1,1,1,1,1,1,1,1,1,1,1,1,1
gatling,0,0,1,2,2,2,2,2,2,3,3,3,4,4,4,4,5,5,6,6,6,6,7,8,9,9,9,9,10,10,10,10,10,10,10,10,10,10,10,11,11,12,13,13,13,14,15,15,15,15,15,15,16,16,16,17,17,19,19,20,20,21,22,22,22,23,23,23,24,25,25,25
poolboy,0,0,0,0,0,0,0,0,0,0,0,0,0,0,0,0,0,0,0,0,0,0,0,0,0,0,0,0,0,0,0,0,0,0,0,0,0,0,0,0,0,0,0,0,0,0,0,0,0,0,0,0,0,0,0,0,0,0,0,0,0,1,1,2,2,2,2,2,2,2,2,2
lottie-android,0,1,1,1,1,1,1,1,1,2,4,4,4,4,4,4,4,4,4,4,4,4,5,5,6,7,7,8,8,9,9,11,11,11,11,11,11,11,12,12,14,14,14,14,14,16,16,16,16,19,19,19,19,19,20,22,23,24,24,25,25,25,26,26,26,26,30,30,30,31,31,31
JSPatch,0,0,0,0,0,0,0,1,1,1,2,2,2,2,2,2,2,2,2,2,2,2,2,2,2,2,2,2,2,2,2,2,2,2,2,2,2,2,2,2,2,2,2,3,3,3,4,4,4,4,4,4,4,4,4,4,4,4,4,4,4,4,4,4,4,4,4,4,4,4,4,4
spectacle,0,0,0,0,0,0,1,1,1,1,1,1,1,1,1,1,1,1,1,1,1,1,1,1,1,1,1,1,1,1,1,1,1,1,1,1,1,1,1,1,1,1,1,1,1,1,1,1,1,1,1,1,1,1,1,1,1,1,1,1,1,1,1,1,1,1,1,1,1,1,1,1
marathon,0,0,0,0,0,2,2,2,2,2,3,3,4,6,6,6,7,9,9,9,12,13,14,15,16,17,19,20,20,21,21,21,21,22,23,23,25,27,27,27,27,27,28,28,30,31,33,33,33,33,33,34,34,34,34,34,34,34,34,35,35,36,36,36,36,37,38,41,44,47,47,47
dubbo,0,0,0,0,0,0,0,0,0,0,0,0,0,1,2,3,4,6,6,9,11,13,15,15,15,15,16,16,16,16,17,19,19,22,23,23,26,28,28,29,30,31,32,33,35,36,38,39,40,42,45,48,50,53,56,58,58,59,60,61,64,67,70,73,75,77,78,80,84,86,86,86
upterm,0,0,1,1,1,2,3,4,5,5,5,5,5,5,5,6,8,10,11,11,11,11,11,11,11,11,11,11,13,13,13,13,13,13,13,13,13,13,13,13,13,13,13,13,13,13,13,14,14,14,14,14,15,16,17,17,17,17,17,17,18,18,18,18,18,19,19,20,21,21,21,21
lila,0,0,1,2,3,4,5,5,7,7,7,9,9,10,10,10,10,11,11,12,13,13,15,16,17,17,20,20,20,20,20,20,21,21,21,21,23,24,24,24,24,24,24,24,24,24,25,26,28,29,29,30,30,30,30,30,31,32,32,32,32,33,33,34,34,35,36,37,40,40,40,40
tsung,0,0,0,0,0,0,1,1,1,1,2,3,3,3,3,3,4,4,4,4,5,5,5,5,5,5,5,6,6,6,6,6,6,6,6,6,7,7,8,8,8,8,8,8,8,8,8,8,8,9,9,10,11,11,11,12,12,12,12,12,13,13,13,15,15,16,16,16,17,17,17,17
sinatra,1,2,2,3,3,6,6,7,7,7,8,9,9,9,9,9,9,9,9,9,10,11,11,11,11,11,11,11,12,12,12,12,13,14,15,15,16,16,18,19,19,19,19,21,21,21,22,23,23,23,23,23,26,27,28,29,29,29,29,29,29,29,29,31,32,32,32,33,33,33,33,33
drone,0,1,1,1,2,2,4,7,7,7,8,8,9,9,9,10,10,11,11,12,12,12,12,12,13,13,14,14,14,15,15,15,15,16,19,21,21,24,25,26,27,27,27,28,29,30,30,30,32,32,32,32,32,32,32,32,32,32,32,32,33,34,34,34,34,34,34,34,34,34,34,34
snowflake,0,0,0,0,0,0,0,0,0,0,0,0,0,0,0,0,0,0,0,0,0,0,0,0,0,0,0,0,0,0,0,0,0,0,0,0,0,0,0,0,0,0,0,0,0,0,0,0,0,0,0,0,0,0,0,0,0,0,0,0,0,0,0,0,0,0,0,0,0,0,0,0
wintersmith,0,0,0,0,0,0,0,0,0,0,0,0,0,0,0,1,1,1,1,1,1,1,1,1,1,1,1,1,1,1,1,1,1,2,2,2,2,2,2,2,2,2,2,2,2,2,2,2,2,2,2,2,2,2,2,2,2,2,2,2,2,2,2,2,2,2,2,2,2,2,2,2
MPAndroidChart,0,0,0,0,1,1,1,1,1,1,1,1,1,1,2,2,3,3,3,3,3,3,3,3,3,3,3,3,3,3,3,3,3,3,3,3,3,3,3,4,4,4,4,5,5,5,6,7,8,11,11,11,11,11,11,11,11,11,11,11,11,11,11,11,12,12,12,12,12,12,12,12
three.js,1,2,3,5,8,10,13,18,18,23,28,30,35,39,40,43,49,54,58,60,63,66,69,69,72,72,73,77,80,84,87,88,93,95,98,104,109,113,117,120,123,126,130,134,138,141,143,145,150,152,154,157,159,162,166,170,176,177,178,182,187,192,196,197,201,205,210,216,219,224,224,224
tornado,0,1,3,3,4,5,6,6,6,6,9,9,9,10,10,10,12,12,12,12,14,15,16,17,17,17,17,19,20,20,21,21,22,22,23,25,25,25,26,27,27,28,28,28,29,32,32,32,33,33,34,35,36,36,36,37,38,38,39,39,42,43,44,45,45,45,45,47,47,47,47,47
SecLists,0,0,0,1,2,3,3,4,4,4,4,4,4,4,4,5,5,7,7,7,8,8,9,9,9,9,9,9,9,9,10,10,10,10,11,11,11,11,13,13,15,15,16,17,19,19,19,20,20,20,20,20,21,21,22,23,24,24,25,26,27,27,27,27,29,29,29,29,29,29,32,33
yii2,0,1,1,2,4,6,8,8,12,16,18,21,22,23,25,27,29,33,39,42,45,47,50,53,56,57,62,65,69,73,75,76,78,82,88,90,95,98,103,107,111,113,115,120,124,128,132,137,140,141,146,150,153,153,158,161,165,168,169,170,173,177,179,179,179,181,183,184,186,189,192,192
fresco,0,2,4,4,4,4,6,7,8,11,13,14,14,15,16,16,17,18,19,19,19,22,24,26,28,29,30,32,33,35,36,36,36,37,38,38,39,40,40,42,43,44,46,47,48,48,49,49,49,50,50,50,51,55,56,57,61,61,61,61,63,65,66,69,69,73,74,77,81,83,83,83
react,1,4,6,7,9,13,16,16,17,19,22,25,27,29,35,37,39,45,49,51,55,57,61,67,70,75,79,82,85,88,88,92,94,97,99,100,103,104,106,108,108,109,113,117,118,119,120,121,121,123,127,127,130,133,136,139,141,144,145,147,148,152,155,159,163,166,171,176,178,182,182,182
beego,0,1,4,4,5,8,12,12,12,14,15,16,16,17,20,20,20,20,20,22,24,26,27,27,29,29,31,33,36,40,41,42,43,43,44,45,45,45,46,46,47,47,47,49,51,52,53,54,56,57,57,59,60,61,64,64,65,67,68,70,73,76,78,79,79,79,80,80,81,83,83,83
jQuery-File-Upload,0,0,0,0,0,0,0,0,0,0,1,2,2,3,3,3,3,3,3,3,3,3,3,3,4,5,5,5,5,5,5,6,6,6,6,6,7,7,7,7,7,8,8,8,8,8,8,8,8,8,8,8,8,8,8,10,10,10,10,10,10,10,10,10,10,10,10,10,10,10,10,10
bacon.js,0,0,1,1,1,1,1,1,1,1,1,1,1,1,1,1,1,1,1,1,1,1,1,1,1,1,1,1,1,1,1,1,1,2,2,2,2,2,2,2,2,2,2,3,3,3,3,3,3,3,3,3,3,3,3,4,4,4,4,4,4,4,4,4,4,4,4,4,4,4,4,4
nginx-tutorials,0,0,0,0,0,0,0,0,0,0,0,0,0,0,0,0,0,0,0,0,0,0,0,0,0,0,0,0,0,0,1,1,1,1,1,1,1,1,1,1,1,1,1,1,1,1,1,1,1,1,1,1,1,1,1,1,1,1,1,1,1,1,1,1,1,1,1,1,1,1,1,1
duckling,0,3,4,8,10,10,10,11,12,13,14,17,21,24,25,25,25,26,28,29,31,34,35,35,36,37,39,42,43,45,45,47,47,48,51,52,54,55,56,57,59,59,63,63,64,67,69,69,69,71,72,74,74,77,79,80,80,81,82,84,84,86,86,90,92,93,95,97,97,98,98,98
libuv,1,2,3,3,4,6,6,7,9,10,12,14,14,15,16,19,20,23,25,26,26,26,27,27,29,30,31,32,32,32,32,32,33,34,34,35,35,35,36,39,40,40,41,42,43,44,47,50,50,50,51,51,52,53,54,56,56,58,59,59,59,59,60,61,62,65,66,68,70,70,70,70
leofs,0,0,0,0,0,0,0,0,0,0,0,1,1,1,1,1,1,2,2,2,2,2,2,2,2,2,3,3,4,5,5,5,5,5,5,5,5,5,5,5,5,5,5,5,5,5,5,5,5,5,5,5,5,5,5,5,5,5,5,5,5,5,6,6,6,6,6,6,6,8,8,8
aglio,0,0,0,0,0,0,0,0,0,0,0,0,0,0,0,0,0,0,0,0,0,0,0,0,0,0,0,0,0,0,0,0,0,0,0,0,0,0,0,0,0,0,0,0,0,0,0,0,0,0,0,0,0,0,0,0,0,0,0,0,0,0,0,0,0,0,0,0,0,0,0,0
fpinscala,0,0,0,0,0,0,0,0,0,0,0,0,0,0,0,0,0,0,0,0,0,0,0,0,0,0,0,0,0,0,0,0,0,0,0,0,0,0,0,0,0,0,0,0,0,0,0,0,0,0,0,0,0,0,0,0,0,0,0,0,0,0,0,0,0,0,0,0,0,0,0,0
brew,2,4,6,7,8,10,13,14,17,17,21,23,25,27,28,28,29,30,33,35,37,39,41,42,44,44,46,48,48,49,50,50,54,54,56,57,59,60,60,62,65,68,71,71,73,74,75,77,77,78,79,82,84,85,86,87,88,89,89,89,89,90,92,94,95,96,103,106,109,114,119,119
compojure,0,0,0,0,0,0,0,0,0,0,0,0,0,0,0,0,0,0,0,0,0,0,0,0,0,0,0,0,0,0,0,0,0,0,1,1,1,1,1,1,1,1,1,1,1,1,1,1,1,1,1,1,1,1,1,1,1,1,1,1,1,1,2,2,3,3,3,3,3,3,3,3
scotty,0,0,0,0,1,1,1,1,1,1,1,1,1,1,1,1,2,2,2,2,2,2,2,2,2,2,2,2,2,2,2,2,2,2,2,2,3,3,3,3,3,3,3,3,3,3,3,3,3,3,3,3,3,3,3,3,3,3,3,3,3,3,3,3,3,3,4,4,4,4,4,4
Shimmer,0,0,0,0,0,0,0,0,0,0,0,0,0,0,0,0,0,0,0,0,0,0,0,0,0,0,0,0,0,0,0,0,0,0,0,0,0,0,0,0,0,0,0,0,0,0,0,0,0,0,0,0,0,0,0,0,0,0,0,0,0,0,0,0,0,0,0,0,0,0,0,0
jepsen,0,1,1,1,2,2,2,2,3,3,3,4,4,4,4,4,4,4,4,5,6,6,6,6,7,7,7,7,8,8,8,8,8,8,8,8,8,8,8,8,8,9,11,11,11,11,12,13,13,14,15,15,15,16,16,17,19,20,20,20,20,21,21,21,21,21,21,21,23,23,23,23
write-you-a-haskell,0,0,0,0,0,0,0,0,0,0,0,0,0,0,0,0,0,0,0,0,0,0,0,0,0,0,0,0,0,0,0,0,0,0,0,0,0,0,0,0,0,0,0,0,0,0,0,0,0,0,0,0,0,0,0,0,0,0,0,0,0,0,0,0,0,0,0,0,0,0,0,0
d3,0,0,0,0,0,1,1,1,1,1,1,1,1,1,1,1,1,1,1,1,1,1,1,1,1,1,1,1,1,1,1,1,1,2,2,2,2,2,2,2,2,2,2,2,2,2,2,2,3,3,3,3,3,3,3,3,3,3,3,3,3,3,3,3,4,5,5,5,5,5,5,5
hakyll,0,2,2,3,3,4,6,6,6,7,7,7,7,7,7,7,7,7,7,8,9,9,9,9,10,11,11,11,11,11,13,14,14,14,14,14,15,15,15,15,15,16,18,18,18,18,18,19,19,19,19,19,20,21,21,21,21,22,23,23,23,24,24,24,24,24,24,25,25,25,25,25
engineering-blogs,2,2,2,4,5,5,5,7,8,8,8,8,8,8,9,11,13,16,17,17,19,23,23,24,25,25,26,26,26,29,29,31,31,31,33,34,35,36,36,37,38,39,40,40,41,41,41,42,42,42,43,44,44,44,45,47,49,50,51,52,54,57,57,57,57,57,57,57,57,57,57,57
gulp,0,0,1,1,1,1,2,4,5,5,5,5,5,5,5,5,5,5,5,5,5,5,6,7,7,7,7,8,8,8,9,9,9,10,10,11,13,13,13,13,13,13,13,13,13,13,13,13,13,14,14,14,15,15,15,15,15,15,15,15,15,15,15,15,16,16,16,16,16,16,16,16
bourbon,0,0,1,2,2,2,2,2,2,2,2,2,2,2,2,2,2,3,3,3,3,3,3,3,3,3,3,3,3,3,3,3,3,4,4,4,4,4,4,4,5,5,5,5,5,5,5,5,5,5,5,5,5,5,5,5,5,5,6,7,8,8,8,8,8,8,8,8,8,8,8,8
VVDocumenter-Xcode,0,0,0,0,0,0,0,0,0,0,0,0,0,0,0,0,0,0,0,0,0,0,0,0,0,0,0,0,0,0,0,0,0,0,0,0,0,0,0,0,0,0,0,0,0,0,0,0,0,0,0,0,0,0,0,0,0,0,0,0,0,0,0,0,0,0,0,0,0,0,0,0
alda,0,0,0,0,0,0,0,0,1,1,1,1,1,1,1,1,1,1,1,1,2,3,3,3,3,3,3,4,4,4,4,4,4,4,4,4,5,5,5,5,5,5,5,5,5,5,5,5,5,5,5,5,5,5,5,5,5,5,5,5,5,5,5,5,6,6,6,6,6,6,6,6
transit-format,0,0,0,0,0,0,0,0,0,0,0,0,0,0,0,0,0,0,0,0,0,0,0,0,0,0,0,0,0,0,0,0,0,0,0,0,0,0,0,0,0,0,0,0,0,0,0,0,0,0,0,0,0,0,0,0,0,0,0,0,0,0,0,0,0,0,0,0,0,0,0,0
keras,2,6,11,16,20,22,25,28,31,36,38,42,45,48,52,57,58,60,62,65,68,73,76,80,84,88,91,93,97,100,101,105,108,112,116,120,121,124,128,132,135,140,144,149,150,152,153,155,158,163,167,171,174,178,181,185,187,188,189,192,193,195,197,200,203,207,209,211,211,215,215,215
rainbarf,0,0,0,0,0,0,0,0,0,0,0,0,0,0,0,0,0,0,0,0,0,0,0,0,0,0,0,0,0,0,0,0,0,0,0,0,0,0,0,0,0,0,0,0,0,0,0,0,0,0,0,0,0,0,0,0,0,0,0,0,0,0,0,0,0,0,0,0,0,0,0,0
express,0,0,0,0,1,1,1,2,2,4,4,4,4,4,4,4,4,6,6,8,8,8,9,9,9,9,9,9,9,9,10,11,11,11,12,12,12,13,13,13,13,13,13,13,13,13,13,13,13,13,14,15,15,15,15,15,16,16,16,16,16,16,16,17,17,17,17,17,17,18,18,18
gogs,1,2,3,3,4,4,4,4,4,4,5,5,5,5,5,5,6,7,7,8,8,8,8,8,12,13,13,13,13,13,13,13,13,13,13,13,13,13,13,13,16,18,19,20,20,20,23,25,25,27,27,28,28,29,33,33,34,35,36,37,37,37,38,40,41,41,43,47,47,47,47,47
disque,0,0,0,0,0,0,0,0,0,0,0,0,0,0,0,0,0,0,0,0,0,0,0,0,0,0,0,0,0,0,0,0,0,0,0,0,0,0,0,0,0,0,0,0,0,0,0,0,0,0,0,0,0,0,0,0,0,0,0,0,0,0,0,0,0,0,0,0,0,0,0,0
postgrest,0,1,1,1,1,1,2,4,4,5,5,6,7,7,7,7,7,9,10,10,11,11,11,11,11,12,12,12,13,13,13,13,13,13,13,13,13,13,14,14,14,14,14,14,14,14,14,14,15,15,16,17,18,18,18,18,19,19,19,19,20,20,20,20,21,22,22,22,22,23,23,23
netty,1,4,5,6,6,7,7,9,11,12,14,16,18,18,19,21,24,26,27,29,31,34,34,36,39,40,42,43,46,48,48,50,51,52,57,60,61,63,65,66,66,66,67,68,69,70,72,75,76,78,81,81,83,84,85,86,89,90,92,92,93,93,96,97,98,100,102,104,105,107,107,107
devdocs,1,2,2,2,2,3,3,3,5,6,6,6,6,6,6,6,6,6,6,7,8,9,9,9,9,11,11,11,12,12,13,13,13,13,13,14,14,14,14,14,14,14,14,15,15,16,16,16,16,16,17,18,18,18,20,20,20,21,21,22,23,25,26,26,26,26,26,26,27,27,27,27
rsnapshot,0,0,0,1,1,1,1,1,1,1,1,1,1,1,2,2,2,2,2,2,2,2,2,2,2,2,2,2,2,2,2,2,2,2,2,2,2,2,2,2,2,2,2,2,2,2,2,2,2,2,2,2,2,2,2,2,2,2,2,2,2,2,2,2,2,2,2,2,2,2,2,2
grav,2,2,2,2,2,3,3,4,4,5,5,5,8,8,9,9,9,10,10,11,12,12,14,14,15,15,17,17,17,17,18,18,18,19,19,20,20,20,23,23,23,25,25,25,25,26,26,27,27,27,28,28,29,30,30,30,30,31,31,32,33,33,34,34,35,35,35,35,35,35,36,37
disco,0,0,0,0,0,0,0,0,0,0,0,0,0,0,0,0,0,0,0,0,0,0,0,0,0,0,0,0,0,0,0,0,0,0,0,0,0,0,0,0,0,0,0,0,0,0,0,0,0,0,0,0,0,0,0,0,0,0,0,0,0,0,0,0,0,0,0,0,0,0,0,0
reia,0,0,0,0,0,0,0,0,0,0,0,0,0,0,0,0,0,0,0,0,0,0,0,0,0,0,0,0,0,0,0,0,0,0,0,0,0,0,0,0,0,0,0,0,0,0,0,0,0,0,0,0,0,0,0,0,0,0,0,0,0,0,0,0,0,0,0,0,0,0,0,0
bitbar,0,1,2,2,2,2,2,2,2,2,2,2,2,2,2,2,2,2,2,2,2,2,2,2,2,2,2,2,2,2,2,2,3,3,3,3,3,3,3,3,3,3,3,3,3,3,3,3,3,4,4,4,4,4,4,4,4,4,4,4,4,4,4,4,4,4,4,4,4,4,4,4
unison,0,0,0,0,0,0,0,0,0,0,0,0,0,0,0,0,0,0,0,0,0,0,0,0,0,1,1,1,1,1,1,1,1,1,1,1,1,1,1,1,1,1,1,1,1,1,1,1,1,1,1,1,1,1,1,1,1,1,1,2,2,2,2,3,3,4,4,5,7,8,8,8
nitrogen,0,0,0,0,0,0,0,0,0,0,0,1,1,1,1,1,1,1,1,1,1,1,1,1,1,1,1,1,1,1,1,1,1,1,1,1,1,1,1,1,1,1,1,1,1,1,1,1,1,1,1,1,1,1,1,1,1,1,1,1,1,1,1,1,1,1,1,1,1,2,2,2
socket.io,0,1,1,2,3,3,3,3,3,3,3,3,5,5,5,5,5,5,6,6,7,7,7,7,7,7,7,7,7,7,7,7,7,7,7,7,7,7,8,9,10,10,10,10,10,10,10,11,11,11,11,11,11,11,11,11,11,11,11,11,11,11,11,12,12,13,13,13,13,13,13,13
Deep-Learning-Papers-Reading-Roadmap,0,0,0,0,0,1,1,1,1,1,1,1,1,1,1,1,1,1,1,2,2,4,4,4,4,4,4,4,4,4,4,4,4,4,4,4,4,4,4,4,5,6,6,6,6,6,6,6,6,6,6,6,6,6,6,6,6,6,6,6,6,6,6,6,6,6,6,6,6,6,6,6
impress.js,0,0,0,0,0,0,0,0,0,0,0,0,0,0,0,0,0,1,1,2,3,4,4,4,4,4,4,4,5,5,5,6,6,6,6,6,6,6,6,7,7,7,7,7,7,7,7,7,8,9,9,9,9,9,9,9,9,9,9,9,9,9,9,9,9,9,9,9,9,9,9,9
build-web-application-with-golang,0,2,3,3,5,7,8,9,11,13,13,13,13,15,17,18,18,21,21,22,23,24,27,29,32,33,34,36,37,40,40,41,43,43,44,45,45,46,47,49,49,49,50,51,52,54,55,55,55,56,58,60,61,63,64,64,64,66,68,68,68,68,69,70,71,72,73,73,76,78,78,78
jquery.payment,0,0,0,0,0,0,0,0,0,1,1,1,1,1,1,1,1,1,1,1,1,1,1,1,1,1,1,1,1,1,1,1,1,1,1,1,1,1,1,1,1,1,1,1,1,1,1,1,1,1,1,1,1,1,1,1,1,1,1,1,1,1,1,1,1,1,1,1,1,1,1,1
reddit,0,0,0,0,0,0,1,1,1,1,1,1,1,1,1,1,1,1,1,2,2,2,2,2,2,2,2,2,2,2,2,2,2,2,2,2,2,2,2,2,2,2,2,2,2,2,2,2,2,2,2,2,2,2,2,2,2,2,2,2,2,2,2,2,2,2,2,2,2,2,2,2
javascript,1,2,6,8,9,11,12,12,13,15,16,19,20,22,24,25,26,27,28,29,32,36,38,38,38,38,39,40,42,43,44,44,45,46,49,50,51,52,55,56,58,59,60,61,64,65,66,67,70,70,71,72,75,76,76,78,79,82,83,83,83,83,83,83,83,87,87,88,88,88,88,88
jq,0,0,0,0,0,0,0,0,0,0,0,0,0,0,0,0,0,0,0,0,0,1,2,2,3,3,4,4,5,5,5,6,6,6,6,6,7,7,8,9,10,10,10,10,10,10,10,10,10,11,11,11,11,11,11,11,11,11,11,11,11,11,11,11,11,12,12,12,12,12,12,12
influxdb,0,0,4,4,5,5,7,7,8,8,9,9,9,9,10,10,11,13,14,15,17,19,20,20,22,22,22,22,23,23,23,25,26,27,27,29,30,31,31,31,32,33,34,36,37,38,39,40,41,42,44,45,45,46,47,47,49,50,52,53,54,54,55,56,58,60,60,60,61,63,65,65
cphalcon,0,1,3,4,4,4,5,7,8,8,9,9,9,10,10,11,12,12,12,13,14,14,14,14,14,16,16,17,17,18,19,20,20,20,21,21,22,22,22,23,24,25,25,25,25,25,25,25,25,25,25,26,26,26,26,26,28,30,30,32,32,34,34,34,34,34,34,34,34,34,34,34
AirChat,0,0,0,0,0,0,0,0,0,0,0,0,0,0,0,0,0,0,0,0,0,0,0,0,0,0,0,0,0,0,0,0,0,0,0,0,0,0,0,0,0,0,0,0,0,0,0,0,0,0,0,0,0,0,0,0,0,0,0,0,0,0,0,0,0,0,0,0,0,0,0,0
spray,0,0,0,0,0,0,0,0,0,0,0,0,0,0,0,0,0,0,0,0,0,0,0,0,0,0,0,0,0,0,0,0,0,0,0,0,0,0,0,0,0,0,0,0,0,0,0,0,0,0,0,0,0,0,0,0,0,0,0,0,0,0,0,0,0,0,0,0,0,0,0,0
ipython,1,5,6,8,9,9,11,13,15,16,16,17,19,21,21,21,22,25,25,25,26,27,29,30,32,34,37,37,39,42,44,44,44,44,44,45,45,45,46,48,48,49,51,52,52,54,55,56,57,57,59,59,59,62,64,64,67,68,69,69,70,71,71,72,74,75,77,81,82,85,85,85
syncthing,0,1,1,1,1,2,3,5,5,5,5,5,5,6,7,7,8,9,10,11,12,12,14,14,16,17,17,19,20,20,20,21,23,23,24,24,25,25,26,26,26,26,27,29,29,30,32,33,34,34,34,34,34,34,34,35,36,37,38,39,39,40,41,42,43,43,43,45,45,46,48,48
you-get,0,0,0,1,2,3,4,4,5,7,8,8,8,8,8,10,10,10,11,15,15,15,15,19,19,21,22,22,24,24,24,26,27,27,27,27,28,29,30,30,31,31,32,33,33,33,34,35,35,37,38,39,42,42,42,43,44,44,45,46,48,49,50,51,51,51,51,51,54,54,54,54
vue,0,1,4,4,7,8,10,10,10,10,11,11,11,12,15,17,18,20,25,28,28,30,32,32,35,38,40,40,43,46,47,48,48,48,49,49,50,50,51,51,54,56,58,58,59,60,60,61,62,62,62,62,62,62,62,62,62,62,62,62,62,62,62,65,66,66,67,67,69,69,69,69
turbolinks,0,0,0,0,0,0,0,0,0,0,0,0,0,0,0,0,0,0,0,0,0,0,0,0,0,0,0,0,0,0,0,0,1,1,1,1,1,1,1,1,2,2,2,3,3,3,3,3,3,3,3,3,3,3,3,3,3,3,3,3,4,4,4,4,5,5,5,5,6,6,6,6
cayley,0,0,0,0,0,0,1,1,1,2,2,2,2,2,2,2,2,3,3,3,3,3,3,4,4,4,4,5,5,6,6,7,8,8,8,8,8,8,8,9,10,10,10,10,10,10,12,12,12,12,12,12,14,14,14,14,14,15,15,16,16,16,16,16,17,17,17,17,18,19,19,19
instaparse,0,0,0,0,0,0,0,0,0,1,1,1,1,1,1,1,1,2,2,2,2,2,2,2,3,3,3,3,3,4,4,4,4,4,4,4,4,4,4,4,4,4,5,5,5,6,6,6,6,6,6,6,6,6,6,6,6,6,6,6,6,6,6,6,7,7,7,7,7,7,7,7
eta,0,1,1,1,1,1,1,1,1,1,1,3,3,4,4,5,5,5,6,6,6,7,8,8,8,8,8,8,9,9,9,9,9,9,9,10,11,11,15,16,17,18,18,19,19,19,19,19,19,19,19,19,19,19,20,20,20,21,21,21,24,24,25,27,28,29,30,32,33,34,34,34
ngrok,0,0,0,0,0,0,0,0,0,0,0,0,0,0,0,0,0,0,0,0,0,0,0,0,0,0,0,0,0,0,0,0,0,0,0,0,0,0,0,0,0,0,0,0,0,0,0,0,0,0,0,0,0,0,0,0,0,0,0,0,0,0,0,0,0,0,0,0,0,0,0,0
requests,0,4,4,4,4,4,5,7,9,10,13,14,14,15,15,15,15,16,16,18,19,20,22,22,24,27,28,28,29,29,29,30,30,31,31,32,34,35,35,35,36,37,37,37,37,38,38,39,42,43,43,44,44,46,47,47,49,51,53,53,54,55,55,56,56,56,56,60,62,62,62,62
Babylon.js,0,2,6,8,8,11,11,11,14,16,17,20,20,20,21,23,25,25,27,28,30,31,33,34,36,37,37,38,40,41,44,47,48,50,53,56,58,59,60,61,63,63,64,64,65,66,67,71,73,75,76,76,78,80,81,83,85,87,89,91,93,96,99,103,106,109,111,114,121,123,123,123
symfony,1,6,9,12,16,18,22,27,31,34,38,40,43,46,47,50,54,58,59,65,72,75,78,81,84,89,91,97,101,105,107,111,114,118,120,125,131,137,141,145,151,156,160,165,170,174,181,186,191,193,197,201,204,209,212,217,222,229,236,242,245,248,250,252,254,258,264,268,273,278,283,285
WebViewJavascriptBridge,0,0,0,0,0,0,0,0,0,0,0,0,0,0,0,0,0,0,0,0,0,0,0,1,1,1,1,1,1,1,1,1,1,1,1,1,1,1,1,1,1,1,1,1,1,1,1,1,1,1,1,1,1,1,1,1,1,1,1,1,1,1,1,1,1,1,1,1,1,1,1,1
pow,0,0,0,0,0,0,0,0,0,0,0,0,0,0,0,0,0,0,0,0,0,0,0,0,0,0,0,2,2,2,2,2,2,2,2,2,2,2,2,2,2,2,2,2,2,2,2,2,2,2,2,2,2,2,2,2,2,2,2,2,2,2,2,2,2,2,2,2,2,2,2,2
linux,4,11,18,25,32,39,46,53,60,67,74,81,87,93,100,107,113,120,127,134,141,148,154,161,168,175,182,189,196,203,210,217,224,230,237,244,251,258,265,272,279,286,293,300,307,314,321,328,335,342,349,356,363,370,377,384,391,398,405,412,419,426,433,440,447,454,461,468,468,468,468,468
EQGRP,0,0,0,0,0,0,0,0,0,0,0,0,0,0,0,0,0,0,0,0,0,0,0,0,0,0,0,0,0,0,0,0,0,0,0,0,0,0,0,0,0,0,0,0,0,0,0,0,0,0,0,0,0,0,0,0,0,0,0,0,0,0,0,0,0,0,0,0,0,0,0,0
spark,3,6,10,15,17,22,23,26,30,37,40,45,50,53,57,63,64,66,69,72,77,82,87,90,91,95,97,100,104,109,114,116,120,121,125,130,131,133,133,136,139,142,145,148,152,156,158,163,165,170,175,178,180,185,191,195,199,201,206,212,218,224,229,235,242,247,253,258,263,267,267,267
Carp,0,0,0,0,0,0,0,0,0,0,0,0,0,0,0,0,0,0,0,0,1,1,1,1,1,2,3,3,4,6,6,6,6,6,6,7,7,7,7,7,7,7,8,8,9,9,9,9,9,9,9,9,9,9,9,9,10,10,10,10,11,11,11,11,11,11,11,12,12,13,14,14
hacker-scripts,0,0,0,0,0,0,0,0,0,0,0,0,0,0,0,0,0,0,0,0,0,0,0,0,0,0,0,0,0,0,0,0,0,0,0,0,0,0,0,0,0,0,0,0,0,0,0,0,0,0,0,0,0,0,0,0,0,0,0,0,0,0,0,0,0,0,0,0,0,0,0,0
devise,0,0,0,0,0,0,0,0,0,0,0,0,0,0,0,1,1,1,2,2,2,4,5,6,6,7,8,9,10,14,14,14,15,16,17,17,17,18,19,22,22,22,23,27,27,27,29,31,32,33,36,36,36,36,36,36,36,37,37,37,37,38,38,39,39,39,39,39,40,41,43,43
marp,0,1,1,2,2,2,2,2,2,2,2,2,2,2,2,2,2,2,2,2,2,2,2,2,2,2,2,2,2,3,3,3,3,3,3,3,3,3,3,3,3,3,3,3,3,3,3,3,3,3,3,3,3,3,4,4,4,4,4,4,4,4,4,4,4,4,4,4,4,4,4,4
quil,0,0,0,0,0,0,0,0,0,0,0,0,0,0,0,0,0,0,1,1,1,1,1,2,2,2,2,2,2,2,2,2,2,2,2,2,2,2,2,2,2,2,2,3,3,3,3,3,4,4,4,4,4,4,5,5,5,5,5,5,5,5,5,6,6,6,6,7,7,7,7,7
awesome-react-native,2,3,8,11,13,15,17,21,23,26,30,32,36,38,41,42,45,46,48,49,53,55,56,58,59,62,66,70,72,73,73,73,76,76,77,78,82,84,88,89,90,94,97,99,102,104,106,109,110,111,111,113,115,117,119,122,126,129,131,134,136,138,140,142,143,146,152,156,159,162,165,165
libgdx,0,0,0,2,2,3,3,3,3,4,4,4,5,7,8,8,9,10,12,12,12,13,14,15,16,17,18,19,19,20,20,20,20,21,21,21,22,22,22,22,24,25,25,27,27,27,29,30,31,32,32,33,35,35,36,38,42,42,42,42,42,43,44,45,46,47,47,48,49,51,51,51
caddy,3,4,6,7,8,11,13,14,15,16,18,20,20,22,24,27,29,29,29,30,31,32,35,37,38,38,38,38,38,38,38,38,38,39,39,41,42,44,44,44,45,47,48,50,51,51,52,53,54,55,56,56,56,57,58,59,60,60,60,61,62,63,63,63,67,69,70,70,71,72,72,72
postgraphql,0,1,1,1,1,2,3,3,3,6,6,8,8,8,8,8,8,8,8,8,8,9,9,9,9,10,11,11,11,11,12,14,14,15,15,16,16,17,18,19,19,19,20,20,20,20,20,20,21,21,21,21,21,21,21,21,21,21,21,23,23,23,23,24,24,24,25,26,27,27,27,27
the_silver_searcher,1,1,2,4,4,5,5,6,6,7,8,8,8,8,8,8,8,8,9,9,9,10,11,12,13,13,13,13,13,14,14,14,15,15,18,18,18,18,18,19,19,19,19,20,20,20,20,20,20,21,21,21,21,22,22,23,23,24,24,24,24,24,25,25,25,25,25,25,25,25,25,25
spring-boot,0,3,6,6,8,10,14,16,19,21,24,27,29,30,33,37,39,40,44,45,47,49,51,56,56,58,61,62,63,65,66,68,69,71,74,78,81,84,87,88,91,93,97,101,103,107,109,111,113,116,119,121,125,126,127,130,134,134,134,137,139,140,143,147,150,154,158,162,168,171,171,171
PhotoView,1,1,2,2,2,2,2,2,2,2,2,2,2,2,2,2,2,2,2,2,2,2,2,2,2,2,2,2,2,2,2,3,3,3,3,3,3,3,3,3,3,3,3,3,3,3,3,3,3,3,3,4,4,4,4,4,5,6,6,6,6,7,7,7,7,7,7,7,7,7,7,7
otp,1,1,3,5,7,9,13,15,16,16,16,18,20,22,22,24,25,26,28,29,29,30,31,32,33,35,38,39,41,42,44,45,47,49,50,51,52,53,55,58,58,60,63,63,68,68,69,71,72,74,75,77,78,78,80,82,84,86,88,91,93,96,100,105,107,108,111,113,116,118,121,121
incubator-predictionio,0,1,1,1,1,1,1,1,2,2,2,2,2,3,3,4,4,4,4,4,4,4,4,4,4,5,6,6,6,6,6,6,6,6,6,6,6,6,6,7,7,8,8,9,9,9,9,9,9,9,9,9,9,9,9,9,10,10,10,10,10,10,11,11,12,12,13,13,13,15,15,15
ruby,0,0,0,0,0,0,1,1,2,3,3,3,3,3,3,3,3,3,3,3,4,4,4,4,4,4,4,4,5,8,8,8,8,8,8,8,8,9,9,9,9,10,10,10,10,10,10,10,10,12,12,12,13,13,13,13,14,15,17,18,19,19,20,20,21,21,22,22,23,28,31,31
material-ui,3,3,5,8,9,11,11,17,20,22,25,28,32,36,41,46,50,56,62,66,70,76,80,85,90,91,94,100,105,109,110,116,122,126,129,134,141,148,152,157,163,169,175,178,182,185,190,195,200,207,214,218,224,229,235,241,245,251,256,260,267,272,279,284,291,298,304,310,316,322,323,323
Faker,1,1,2,2,3,4,4,6,8,8,8,8,8,10,14,15,15,16,18,20,23,26,27,28,29,29,33,34,35,36,38,38,39,41,42,44,46,46,46,46,46,48,48,48,48,49,50,50,50,51,51,51,52,53,57,58,58,59,61,61,61,61,61,61,62,63,63,64,66,67,67,67
corrode,0,0,0,0,0,0,0,0,0,0,0,0,0,0,0,0,0,0,0,0,0,0,0,0,0,0,0,0,0,0,0,0,0,0,0,0,0,0,0,0,0,0,0,0,0,0,0,0,0,0,0,0,0,0,0,0,0,0,0,0,0,0,0,0,0,0,0,0,0,0,0,0
trix,0,0,0,0,0,0,0,0,0,0,0,0,0,0,0,0,0,0,0,0,0,0,0,0,0,0,0,1,1,1,1,1,1,2,2,2,2,2,2,2,2,2,2,2,2,3,3,3,3,4,4,4,4,4,4,4,4,4,4,4,4,4,4,5,5,5,5,5,5,7,7,7
CocoaAsyncSocket,0,1,1,2,2,2,2,2,2,2,2,2,3,3,3,3,3,3,3,3,3,3,3,3,3,3,3,3,3,3,3,3,3,3,3,3,3,3,3,4,4,4,4,5,5,5,5,5,5,5,5,5,5,5,5,5,5,5,5,5,6,6,6,6,6,6,6,6,6,6,6,6
n2o,0,0,0,0,0,0,0,0,0,0,0,1,1,1,1,1,1,1,1,1,1,1,1,1,1,1,1,1,1,1,1,1,1,1,1,1,1,1,1,1,1,1,1,1,1,1,1,1,1,1,1,2,2,3,3,3,3,3,3,3,3,3,3,3,3,3,4,4,4,4,4,4
CocoaLumberjack,0,1,1,1,1,2,3,3,5,5,5,5,5,5,5,5,5,5,5,6,6,6,6,6,6,6,6,6,7,7,7,8,8,8,9,9,9,9,9,10,11,11,11,11,11,11,12,12,14,14,15,15,15,15,15,15,15,15,15,15,15,15,15,16,17,17,18,19,19,21,22,22
Linux_Exploit_Suggester,0,0,0,0,0,0,0,0,0,0,0,0,0,0,0,0,0,0,0,0,0,0,0,0,0,0,0,0,0,0,0,0,0,0,0,0,0,0,0,0,0,0,0,0,0,0,0,0,0,0,0,0,0,0,0,0,0,0,0,0,0,0,0,0,0,0,0,0,0,0,0,0
sqitch,0,0,0,0,0,0,1,1,1,1,1,1,1,2,2,2,2,2,3,4,4,4,4,5,5,5,5,5,5,5,5,5,5,5,5,5,5,5,5,5,5,6,6,6,6,6,6,6,6,6,6,6,6,6,6,6,6,6,6,6,6,6,6,6,6,6,6,6,7,8,8,8
haste-compiler,0,0,0,0,0,0,0,0,0,0,0,0,0,0,0,1,1,1,1,1,1,1,1,1,1,1,1,1,1,1,1,1,1,1,1,1,1,1,1,1,1,1,1,1,1,1,1,1,1,1,1,1,1,1,1,1,1,1,1,1,1,1,1,1,1,1,1,1,1,1,1,1
theBeamBook,0,0,0,0,0,0,1,1,1,1,1,1,1,2,2,3,3,3,3,3,4,5,5,5,5,5,5,5,5,5,6,6,6,6,6,6,6,6,6,6,6,6,6,6,6,6,6,7,9,9,9,9,9,9,10,10,10,10,10,10,10,11,11,12,13,13,13,13,13,13,15,15
ansible,2,8,13,19,24,29,35,41,46,51,57,64,70,75,80,86,91,97,102,107,113,120,125,131,138,143,150,157,162,167,169,174,180,186,192,199,206,211,216,222,228,233,239,244,250,256,262,268,274,280,285,291,296,302,307,312,317,324,330,336,341,347,353,359,365,372,377,383,389,394,394,394
shadowsocks-android,0,0,0,0,0,0,0,0,0,0,0,0,0,0,0,0,0,0,0,0,0,0,0,1,1,1,1,1,1,1,1,2,3,5,5,5,5,5,5,5,5,5,7,7,8,8,11,11,11,11,11,11,12,12,12,12,12,12,14,14,15,16,16,16,16,16,17,17,17,18,18,18
specter,0,0,0,0,0,0,0,0,0,0,0,0,0,0,0,0,0,0,0,0,1,1,1,1,1,1,1,1,1,1,1,1,1,1,1,1,2,2,2,2,2,2,2,2,3,4,4,4,4,4,4,4,4,4,4,4,5,5,5,5,5,5,5,5,5,5,5,5,5,5,5,5
Expose,0,0,0,0,0,0,0,0,0,0,0,0,0,0,0,0,0,0,0,0,0,0,0,0,0,0,0,0,0,0,0,0,0,0,0,0,0,0,0,0,0,0,0,0,0,0,0,0,0,0,0,0,0,0,0,0,0,0,0,0,0,0,0,0,0,0,0,0,0,0,0,0
couchdb,0,0,0,0,1,2,3,3,4,4,4,4,5,5,5,5,6,7,7,8,8,9,9,10,10,11,11,11,12,12,12,12,13,13,14,16,16,16,16,16,17,17,17,18,18,19,19,19,20,20,20,21,21,22,22,25,25,25,26,27,27,29,31,31,31,33,34,35,36,38,38,38
PNChart,0,0,1,1,1,1,1,1,1,1,1,1,1,2,2,2,2,2,2,3,3,3,3,4,4,4,4,5,5,6,6,6,6,6,6,6,7,7,7,8,10,10,10,10,10,10,10,10,10,10,10,10,10,10,10,10,10,10,10,10,10,10,10,10,10,10,10,10,10,10,10,10
gproc,0,0,0,0,0,0,0,0,0,0,0,0,0,0,1,1,1,1,2,2,3,3,3,3,3,3,3,3,3,3,3,3,3,3,3,3,4,4,4,4,4,4,4,4,4,4,4,4,4,4,4,4,4,4,4,4,4,4,4,4,4,4,4,4,4,4,4,4,6,6,6,6
leiningen,0,0,1,1,1,1,1,2,2,3,4,4,5,6,7,8,9,9,10,10,12,13,15,17,17,17,17,18,18,19,19,19,19,19,19,19,20,20,22,22,22,22,24,24,24,25,26,26,26,27,27,27,28,28,29,31,31,31,31,33,35,36,36,36,36,36,36,36,37,37,37,37
coffeescript,0,2,2,2,3,4,4,5,5,6,6,7,8,8,8,8,9,11,12,13,13,13,13,13,13,13,13,13,13,13,14,14,14,14,14,14,14,14,15,15,15,16,16,16,16,17,17,17,18,18,19,19,19,19,20,20,20,20,20,20,20,20,20,20,20,20,20,21,22,22,22,22
material2,1,4,5,7,9,10,13,15,16,18,21,22,24,26,26,28,29,31,34,36,36,37,38,40,40,41,43,45,46,47,47,48,50,51,55,57,59,61,64,65,65,66,66,66,67,68,69,71,73,78,80,81,84,85,86,88,91,92,93,96,98,98,99,102,106,108,108,111,116,117,117,117
ack2,0,0,0,0,0,0,0,0,0,0,0,0,0,0,0,0,0,0,0,0,0,0,0,0,0,0,0,0,0,0,0,0,0,0,0,0,0,0,0,0,0,0,0,0,0,0,0,0,0,0,0,0,0,0,1,2,2,2,2,2,2,2,2,2,2,2,2,2,2,2,2,2
NativeScript,0,1,2,3,4,6,7,7,8,8,8,8,9,9,10,10,10,11,11,13,14,15,15,15,15,15,15,16,16,16,16,16,16,17,17,19,19,19,20,23,23,26,28,29,29,29,31,32,34,34,34,35,35,36,38,40,40,41,42,44,46,48,51,52,52,53,55,57,60,61,61,61
moment,1,3,4,5,5,5,6,7,8,11,12,13,13,13,13,13,13,13,14,15,15,15,16,17,17,17,18,18,20,21,22,22,22,22,22,22,22,22,22,24,25,25,25,25,27,29,29,30,30,30,30,30,31,31,31,31,31,31,31,31,31,31,31,31,31,31,31,31,31,31,31,31
spree,1,2,4,5,7,9,11,13,14,15,19,20,22,25,28,29,30,31,33,34,37,39,41,41,41,42,43,45,46,47,48,48,49,49,51,52,52,56,57,57,57,58,60,60,61,62,62,62,63,67,68,69,71,72,74,74,74,75,76,76,77,77,77,77,77,80,80,81,83,86,88,88
stack,0,1,1,2,2,3,7,8,12,12,12,12,14,17,17,19,21,21,23,25,26,29,30,30,30,30,30,32,32,34,37,40,43,44,47,47,49,50,50,51,52,54,56,56,56,57,59,59,61,63,63,65,66,70,72,76,77,77,78,80,83,84,84,88,90,91,95,96,98,100,100,100
framework,2,6,11,17,24,29,34,38,43,48,50,55,58,61,68,74,80,87,92,96,101,106,112,115,119,124,128,134,140,145,150,153,157,162,164,170,173,179,185,191,198,205,211,215,219,222,225,228,233,237,241,245,247,253,254,258,261,267,273,277,281,286,292,296,300,305,311,317,322,326,333,335
moby,2,4,7,11,14,17,19,23,26,31,33,35,36,38,42,43,45,50,54,57,61,65,68,69,74,80,83,88,91,92,92,95,97,101,101,103,105,107,108,111,114,115,118,120,122,125,128,131,133,137,141,144,144,147,149,151,155,159,162,164,167,169,170,173,177,180,183,186,189,193,196,196
om,0,0,0,0,0,0,0,0,0,0,0,0,0,1,1,1,1,2,2,2,2,2,2,3,3,3,3,3,3,3,3,3,3,3,3,4,4,4,4,4,4,4,4,4,4,4,4,4,4,4,4,4,5,5,5,5,5,5,5,5,5,5,5,5,5,5,5,5,5,5,5,5
UITableView-FDTemplateLayoutCell,0,0,0,0,0,0,0,0,0,0,0,0,0,0,0,0,0,0,0,0,0,0,0,0,1,1,1,1,1,1,1,1,1,1,1,1,1,1,1,1,1,1,1,1,1,1,1,1,1,1,1,1,1,1,1,1,1,1,1,1,1,1,1,1,1,1,1,1,1,1,1,1
diff-so-fancy,0,2,2,2,3,3,3,4,4,5,5,6,6,6,6,6,6,7,7,8,8,8,8,8,8,8,8,8,8,8,8,9,9,9,9,9,9,9,9,11,11,11,11,11,11,11,11,11,11,11,11,11,11,11,11,11,11,11,11,11,11,11,11,11,11,11,13,13,13,13,13,13
TypeScript,2,2,3,6,8,8,9,10,12,13,15,15,20,20,21,22,26,26,26,27,27,28,32,35,38,38,39,41,44,45,46,48,51,54,57,57,59,61,63,65,67,69,71,76,78,80,83,84,86,89,91,93,97,99,99,101,104,105,108,111,112,115,116,118,120,122,125,127,131,132,132,132
cloc,1,1,1,1,1,2,2,2,2,2,2,2,3,4,5,5,5,6,6,6,6,8,8,9,9,9,9,9,9,10,10,10,10,10,11,11,11,11,12,12,12,12,12,12,13,13,13,13,13,14,15,15,16,18,18,18,18,18,18,18,18,19,19,19,19,19,19,19,20,21,21,21
iosched,0,0,0,0,0,0,1,1,1,1,1,1,1,1,1,1,1,1,1,1,1,1,1,1,1,1,1,1,1,1,1,1,1,1,1,2,3,3,3,3,3,3,4,6,6,7,9,11,11,12,12,12,12,14,14,14,14,14,14,16,17,17,18,19,19,19,19,19,19,19,19,19
reveal.js,0,1,1,1,1,1,1,1,1,1,4,4,4,4,5,6,6,6,6,6,6,7,8,8,9,9,11,11,11,11,11,11,11,12,12,12,13,14,14,14,15,16,18,19,19,20,20,20,21,21,21,21,21,22,22,22,22,22,22,22,22,23,23,23,23,23,23,23,23,23,23,23
thefuck,0,0,0,0,0,1,1,2,2,2,2,2,3,3,3,4,4,4,5,7,7,7,7,7,8,8,8,8,9,9,9,11,12,13,13,14,14,14,15,15,15,15,15,16,16,16,16,16,16,17,17,18,18,18,18,18,18,18,20,20,21,21,21,23,23,23,23,23,23,23,23,23
lottie-ios,0,1,2,2,2,2,2,2,3,4,5,7,7,8,8,9,12,13,13,14,16,16,18,19,20,22,24,25,25,25,25,25,27,28,29,29,30,32,32,32,33,33,34,35,35,35,36,38,39,39,40,43,43,43,43,43,44,44,44,44,44,44,44,44,44,44,44,44,44,44,44,44
PHPExcel,0,0,0,0,0,0,0,0,0,0,0,0,0,0,0,0,0,0,0,0,0,0,0,0,0,0,0,0,0,0,1,1,1,1,1,1,1,1,1,1,1,1,1,1,1,1,1,1,1,1,1,1,1,1,1,1,1,1,1,1,1,1,1,1,1,1,1,1,1,1,1,1
CocoaPods,0,0,0,0,0,0,1,1,1,1,2,5,5,5,5,6,6,6,6,6,6,7,8,10,11,11,12,12,12,13,13,13,13,14,14,14,15,16,16,16,17,19,21,21,22,22,23,23,23,25,25,25,25,27,27,27,27,27,28,28,28,28,30,30,31,32,32,32,34,37,40,40
scala-native,0,3,3,3,4,5,5,5,5,5,5,5,5,5,6,6,7,7,8,9,9,9,10,10,10,10,12,12,13,13,13,13,14,15,15,15,16,17,17,17,17,17,18,18,19,20,20,20,20,20,20,20,21,21,21,21,21,24,27,27,27,27,28,28,28,28,28,28,29,30,30,30
discourse,0,0,2,3,3,4,4,4,6,7,7,8,10,13,15,16,18,20,21,21,21,23,24,25,27,27,28,29,30,31,31,33,35,38,39,40,41,44,46,48,51,52,53,55,57,59,60,63,63,65,69,72,73,74,76,79,81,84,85,87,88,90,94,95,97,100,101,104,105,107,113,115
ui-router,0,0,0,1,1,3,3,3,3,3,3,3,3,3,3,3,3,3,3,4,5,5,5,5,5,5,5,6,6,6,6,6,6,7,8,9,9,9,9,9,10,10,10,10,10,10,10,10,10,11,13,13,13,13,13,13,13,13,14,14,14,14,14,14,14,14,14,15,15,15,15,15
zsh-git-prompt,0,0,0,0,0,0,0,0,0,0,0,0,0,0,0,0,0,0,0,0,0,0,0,0,0,0,0,0,0,0,0,0,0,0,0,0,0,0,0,0,0,0,0,0,0,0,0,0,0,0,0,0,0,0,0,0,0,0,0,0,0,0,0,0,0,0,0,0,0,0,0,0
MySQLTuner-perl,0,0,2,2,2,2,3,3,3,4,4,4,4,4,5,6,6,6,7,7,7,7,7,7,8,8,9,9,9,9,9,9,10,10,10,10,10,12,12,12,12,12,12,12,12,12,12,12,12,12,12,14,14,15,15,15,15,15,15,15,17,17,19,20,20,20,20,20,20,21,21,21
jekyll,2,3,7,10,10,11,11,11,13,15,17,18,18,19,20,20,21,21,24,26,29,33,37,39,40,41,41,43,45,45,47,48,48,50,51,52,56,57,58,59,62,63,63,65,68,70,74,75,78,81,86,88,89,90,91,94,96,98,103,104,106,107,109,110,112,114,117,119,122,124,128,128
public-apis,2,3,6,6,8,9,9,10,14,19,22,25,29,32,33,35,37,38,43,46,52,56,58,60,65,67,68,69,71,72,73,75,79,81,83,86,88,89,91,93,96,97,100,102,102,105,110,110,112,112,114,116,117,118,119,119,121,121,122,122,124,124,125,126,126,126,127,128,129,129,133,134
cyclejs,0,1,1,2,2,2,3,3,4,4,5,5,6,8,8,9,10,12,13,13,15,15,15,17,17,17,18,18,18,18,19,20,20,20,20,20,20,20,20,20,20,20,20,21,21,21,21,22,22,22,22,22,22,22,22,23,23,24,24,24,24,25,25,26,28,28,29,29,29,29,29,29
picasso,0,0,0,0,0,0,1,1,1,1,1,1,1,2,2,2,2,2,2,3,3,3,3,3,3,4,4,5,5,5,5,6,7,7,7,7,8,8,8,10,11,12,12,12,13,13,14,14,14,14,14,14,14,14,14,14,14,14,14,14,14,14,14,15,15,15,17,18,20,20,20,20
scala-js,0,0,0,0,0,0,0,1,1,1,1,2,2,2,3,3,3,3,3,3,3,3,3,3,3,3,3,3,4,4,4,4,4,4,5,5,5,5,5,5,5,5,5,5,6,6,6,7,7,7,8,8,8,8,8,8,8,8,8,8,9,9,9,9,10,10,10,11,11,12,12,12
realm-cocoa,0,0,0,0,0,0,1,2,3,3,6,6,6,6,6,6,6,7,8,8,8,8,8,9,9,9,9,9,10,10,10,10,11,11,11,11,12,12,12,12,12,13,15,16,16,16,17,17,17,17,17,17,18,19,19,19,19,19,20,20,20,20,20,20,20,20,21,21,21,21,22,22
JSQMessagesViewController,0,0,0,0,1,1,1,1,1,1,1,1,1,1,1,1,1,1,1,1,1,1,2,2,2,2,2,2,2,2,2,2,2,2,2,2,3,3,3,3,3,3,3,3,3,3,3,3,3,3,3,3,3,3,3,3,3,3,3,3,3,3,3,3,3,3,3,3,3,3,3,3
scikit-learn,1,6,11,16,19,21,24,29,33,37,39,40,41,44,47,51,53,55,60,64,68,73,77,77,81,86,89,93,97,103,105,107,109,113,116,118,121,126,129,134,139,142,145,147,152,158,163,166,170,173,175,178,181,182,187,192,194,198,199,206,210,212,215,220,223,225,230,234,239,244,244,244
bfg-repo-cleaner,0,0,0,0,0,0,0,0,0,0,0,0,0,0,0,0,0,0,0,0,0,0,0,1,1,1,1,1,1,1,1,1,1,1,1,2,2,2,2,2,2,2,2,2,2,2,2,2,2,2,2,2,2,2,2,2,2,2,2,2,2,2,2,2,2,2,2,2,2,2,2,2
overtone,0,1,1,1,1,1,2,2,2,2,2,2,2,2,2,3,3,3,3,4,5,5,5,5,5,5,5,6,6,6,6,6,6,6,6,6,7,7,7,7,7,7,7,8,8,8,10,10,10,10,10,10,10,10,10,10,11,11,11,11,11,11,11,11,11,11,11,11,11,11,11,11
lager,0,1,1,1,1,1,1,1,1,1,1,1,1,1,2,2,2,2,2,2,2,2,2,2,2,2,3,3,3,3,3,4,5,5,5,6,8,8,9,9,9,9,9,10,10,10,10,10,10,10,10,10,10,10,10,10,10,10,11,11,11,11,11,11,11,14,16,16,17,18,18,18
SlidingMenu,0,0,0,0,0,0,0,0,0,0,0,0,0,0,0,0,0,0,0,0,0,0,0,0,0,0,0,0,0,0,0,0,0,0,0,0,0,0,0,0,0,0,0,0,0,0,0,0,0,0,0,0,0,0,0,0,0,0,0,0,0,0,0,0,0,0,0,0,0,0,0,0
gitbucket,0,0,1,2,2,2,2,3,3,3,4,6,6,6,6,6,6,6,6,7,7,9,9,10,10,10,10,10,11,12,12,12,12,14,14,14,16,16,16,16,17,18,18,20,20,20,21,22,22,22,23,24,25,26,26,26,27,28,29,29,30,30,30,30,30,30,31,31,33,34,34,34
python-patterns,1,1,2,3,4,4,4,4,5,5,5,6,6,6,6,7,7,7,8,8,8,8,8,8,8,8,8,9,9,10,10,10,10,10,10,10,10,10,10,10,10,11,11,11,12,15,15,15,15,15,15,15,15,15,15,15,15,15,16,16,17,17,17,17,17,17,17,18,19,19,19,19
spring-framework,1,1,3,3,4,5,5,5,5,5,5,6,7,10,12,14,17,19,21,21,23,26,28,30,30,32,34,37,37,38,38,38,40,43,45,48,49,52,54,55,56,57,59,61,62,66,68,72,74,74,74,75,77,77,79,81,84,86,88,88,89,92,94,96,100,101,103,105,111,112,112,112
Haxl,0,0,1,1,1,1,2,2,4,4,4,4,4,4,4,4,4,4,4,5,5,5,5,6,6,6,6,6,6,6,6,6,7,7,7,7,7,7,7,7,7,7,7,7,7,7,7,7,7,7,7,7,8,8,9,10,10,11,11,11,13,13,14,14,14,14,14,14,14,15,15,15
intern,0,0,1,1,1,1,1,1,1,1,1,1,1,1,1,1,1,2,2,3,3,3,3,3,4,4,4,4,4,4,4,4,4,4,4,4,5,5,5,6,6,6,7,7,7,7,7,7,7,7,7,7,7,8,8,8,9,9,9,9,9,9,9,10,10,10,11,11,12,12,12,12
awesome-python,0,0,0,0,0,0,0,2,2,3,3,3,3,4,5,7,8,8,9,10,11,12,13,13,14,17,18,18,19,20,21,22,23,24,25,25,26,27,27,28,29,31,31,32,33,34,35,36,38,38,38,39,40,41,41,41,42,43,43,43,43,44,44,45,45,45,45,46,46,46,46,46
scala,0,2,3,4,5,6,10,10,11,12,14,15,15,17,17,19,19,21,23,24,25,27,28,28,29,31,32,34,34,37,37,40,40,41,42,43,46,49,50,54,56,59,62,63,64,66,66,67,70,73,75,77,78,80,81,85,86,87,90,91,92,93,96,99,103,104,107,111,115,116,116,116
redis,2,2,4,6,6,9,9,10,14,15,16,17,17,18,18,18,18,18,18,19,19,19,19,19,20,20,20,20,22,22,22,22,24,26,27,27,27,28,29,31,31,32,33,33,34,34,35,35,36,36,36,37,39,39,42,45,49,52,55,58,59,60,61,61,64,66,70,72,73,74,74,74
grafana,2,5,6,8,8,11,15,17,21,25,27,28,30,34,37,39,44,47,52,56,58,63,67,70,72,75,78,80,84,86,89,91,94,98,101,104,105,110,114,117,121,126,130,132,135,139,143,144,144,147,150,154,156,160,164,166,170,173,177,180,182,187,191,193,196,198,202,206,209,215,217,217
apollo-client,1,4,6,6,8,10,11,12,13,16,16,16,16,16,16,18,19,21,21,22,23,28,35,38,42,43,47,52,54,55,55,56,56,58,58,60,62,64,68,71,73,76,80,83,88,90,93,96,99,103,109,113,114,118,121,125,128,131,135,138,140,141,144,146,146,146,146,146,149,151,151,151
MagicalRecord,0,0,0,0,0,0,0,0,0,0,0,0,0,0,0,0,0,0,0,0,0,0,0,0,0,0,0,0,0,0,0,0,0,0,0,0,0,0,0,0,0,0,0,0,0,0,0,0,0,0,0,0,0,0,0,0,0,0,0,0,0,0,0,0,0,0,0,0,0,0,0,0
yaws,0,0,0,0,0,0,1,1,1,1,1,1,1,1,1,1,1,1,1,1,1,1,1,1,1,1,2,2,2,2,2,2,2,2,2,2,2,2,2,2,2,2,2,2,2,2,2,2,2,2,2,2,3,3,3,3,4,4,4,4,4,4,4,5,5,5,5,5,5,5,5,5
system-design-primer,0,1,2,2,2,2,2,3,3,3,3,3,3,3,3,3,3,3,4,5,5,6,6,6,6,6,8,9,9,9,9,9,9,9,9,9,10,11,11,13,14,14,14,14,14,15,15,16,16,16,16,16,16,16,17,17,18,18,20,22,24,25,27,29,30,32,33,36,37,38,38,38
aerosolve,0,0,0,1,1,2,2,2,2,2,2,3,4,5,5,5,5,5,5,5,5,5,5,5,5,5,5,5,5,5,5,5,5,5,5,5,5,5,5,5,5,5,5,5,5,5,5,5,5,5,5,5,5,5,5,5,5,5,5,5,5,5,5,5,5,5,5,5,5,5,5,5
google-api-nodejs-client,0,0,2,2,2,3,3,3,4,4,4,6,7,7,7,7,8,8,8,9,10,10,11,12,13,14,14,14,14,14,14,15,15,16,16,16,16,16,16,16,17,17,17,17,17,17,19,20,20,20,22,22,23,23,23,24,24,25,25,26,27,28,28,28,28,29,30,30,33,35,35,35
datascript,0,0,1,1,1,1,1,1,1,1,1,1,1,1,1,1,1,1,1,1,1,1,1,1,1,1,1,1,2,2,2,2,2,2,2,2,2,2,3,3,4,4,4,4,4,4,4,5,5,5,5,5,5,6,6,6,6,6,6,6,6,6,6,6,6,6,6,6,7,7,7,7
cowboy,0,0,0,0,0,0,1,1,1,1,1,1,2,2,2,2,2,2,2,2,2,3,3,3,3,3,3,3,3,3,3,3,3,3,3,3,3,3,3,4,4,4,5,5,5,5,5,5,5,5,6,6,6,6,6,6,6,7,7,7,7,7,7,7,7,7,8,8,9,9,10,10
kotlin,1,4,5,5,7,8,9,10,11,12,14,18,19,21,22,23,25,26,27,28,30,33,33,35,35,36,38,40,43,45,45,46,48,50,50,50,50,52,54,57,58,60,62,64,67,70,73,73,74,76,78,80,81,82,83,84,86,86,87,87,89,91,94,99,105,106,110,116,120,123,123,123
SwitchyOmega,0,0,0,0,0,0,0,0,0,0,2,2,2,2,2,2,2,2,2,2,3,3,3,3,3,3,5,5,5,5,5,6,6,6,8,8,8,8,8,8,8,8,9,10,11,11,11,11,13,13,13,14,15,15,17,17,17,18,18,18,18,19,20,21,21,22,22,22,22,22,22,22
RxAndroid,0,0,0,0,0,0,0,0,0,0,1,2,4,4,4,4,4,4,4,5,5,5,6,6,6,6,7,7,7,7,7,7,9,10,10,10,10,11,11,11,11,11,11,11,11,11,11,11,11,11,11,11,11,11,11,11,11,11,12,12,12,12,13,14,14,14,14,14,14,14,14,14
bootstrap-tour,0,0,0,0,0,0,0,0,1,1,1,1,1,1,1,1,1,1,3,3,3,3,3,3,3,3,3,3,3,3,3,3,3,3,3,3,3,3,3,3,3,3,3,3,3,3,3,3,3,3,3,3,3,3,3,3,3,3,3,3,3,3,3,3,3,3,3,3,3,3,3,3
emqttd,0,0,0,0,0,0,0,0,0,0,0,1,1,1,1,2,2,2,2,2,2,2,2,2,2,2,2,2,2,2,2,3,3,3,4,4,4,4,4,4,4,4,4,4,4,4,4,4,4,4,4,4,4,4,4,4,4,5,5,5,5,5,5,5,6,8,9,10,12,13,14,14
DefinitelyTyped,4,11,18,25,32,39,46,52,58,65,71,78,85,92,99,106,113,118,124,130,137,144,151,158,165,172,178,185,192,199,205,210,216,221,227,234,241,248,255,262,269,276,283,290,295,301,306,312,318,325,332,339,346,353,360,367,373,377,383,387,393,399,406,413,420,427,434,440,447,450,450,450
phabricator,0,0,0,0,0,0,0,0,0,0,0,0,0,0,1,1,1,1,1,1,1,1,1,1,1,1,1,3,3,5,5,5,5,5,6,6,6,6,7,7,7,7,9,9,9,9,9,9,9,9,9,9,9,10,10,10,11,11,11,11,12,13,13,14,14,14,14,14,14,15,16,16
incanter,0,0,1,1,1,1,1,2,2,2,2,2,2,2,3,3,3,3,3,3,3,3,3,3,3,3,3,3,3,3,3,3,3,3,3,3,4,4,4,4,4,4,4,4,4,4,4,4,4,4,4,4,4,5,5,5,5,5,5,5,5,5,5,5,5,5,5,5,5,5,5,5
contrib,0,0,0,1,2,3,4,5,5,5,5,6,7,7,7,7,8,10,11,11,11,11,11,12,12,12,12,12,12,12,12,12,12,12,13,14,14,15,16,16,17,18,19,23,23,23,26,27,27,27,27,27,27,28,29,29,29,29,30,31,32,32,32,32,33,33,33,34,36,36,36,36
nsq,1,2,2,2,3,3,3,3,4,4,4,4,5,5,5,6,6,6,6,8,8,9,10,10,10,10,10,11,11,11,11,11,11,12,12,12,12,12,13,14,15,15,16,16,16,16,16,17,17,17,17,18,19,19,20,20,20,20,20,20,20,20,20,21,23,23,23,23,23,24,24,24
torch7,0,1,2,3,3,4,6,7,8,8,11,12,13,13,16,16,16,17,17,17,17,17,17,17,17,17,17,17,17,17,17,17,17,17,17,17,17,17,17,17,17,17,17,17,17,17,17,17,17,17,17,17,17,17,17,17,17,18,18,18,18,18,18,18,18,18,18,18,18,18,18,18
toxcore,0,0,0,0,0,0,0,0,0,0,0,0,0,0,0,0,0,0,0,0,0,0,0,0,0,0,0,0,0,0,0,0,0,0,0,0,0,0,0,0,0,0,0,0,0,0,1,1,1,1,1,1,1,1,1,1,1,1,1,1,1,1,1,1,1,1,1,1,1,1,1,1
git,1,2,5,8,10,12,14,17,20,22,24,26,27,30,31,34,38,40,42,43,46,50,54,60,62,65,67,71,74,77,78,79,82,83,86,87,89,91,93,97,98,100,103,105,110,113,117,118,120,121,121,124,126,129,134,137,142,146,148,151,155,155,158,162,165,169,174,178,180,181,181,181
alpaca,0,0,0,0,0,0,0,0,0,0,0,3,3,4,4,4,4,4,4,4,4,4,4,4,4,4,4,4,4,4,4,4,4,5,5,5,6,6,6,6,6,6,6,6,6,6,6,6,6,6,6,6,6,6,6,6,6,6,6,6,6,6,6,6,6,6,6,6,6,6,7,7
CodeIgniter,0,1,2,3,3,5,5,6,7,8,8,8,8,10,10,10,10,12,14,16,16,17,19,19,19,19,20,20,20,21,21,21,21,21,21,21,21,22,22,22,24,25,25,25,25,26,27,27,28,28,29,29,31,31,31,31,32,32,32,32,32,32,32,35,35,35,36,37,37,37,37,37
snowplow,0,1,1,1,1,1,1,1,1,1,2,4,4,4,4,4,4,5,5,5,5,7,8,8,8,9,9,9,9,9,9,9,9,9,10,10,10,10,11,11,12,13,13,13,13,13,14,14,14,14,14,14,16,16,16,16,17,17,19,19,20,20,21,21,21,22,23,23,23,23,23,23
octopress,0,0,0,0,0,0,0,0,0,0,0,0,0,0,0,0,0,0,0,0,0,0,0,0,0,0,0,0,0,0,0,0,0,0,0,0,0,0,0,0,0,0,0,0,0,0,0,0,0,0,0,0,0,0,0,0,0,0,0,0,0,0,0,0,0,0,0,0,0,0,0,0
git-cal,0,0,0,0,0,0,0,0,0,0,0,0,0,0,0,0,0,0,0,0,0,0,0,0,0,0,0,0,0,0,0,0,0,0,0,0,0,0,0,0,0,0,0,0,0,0,0,0,0,0,0,0,0,0,0,0,0,0,0,0,0,0,0,0,0,0,0,0,0,0,0,0
rcm,0,1,1,1,1,1,1,1,1,1,1,1,1,1,1,1,1,1,2,2,2,3,4,4,4,4,4,5,5,5,5,5,5,5,5,5,5,5,5,5,5,5,5,5,5,6,6,6,6,6,6,6,6,7,7,7,8,10,11,11,11,11,11,11,11,11,11,11,11,11,11,11
angular-cli,2,5,8,14,16,17,20,23,26,31,32,35,37,38,39,40,42,45,50,50,53,56,60,61,61,63,66,68,70,72,75,77,79,81,83,85,86,86,88,90,90,90,91,91,92,94,94,94,95,98,101,104,105,108,109,109,109,110,111,112,115,116,119,123,126,129,133,135,138,138,138,138
kafka-manager,0,0,0,0,0,0,0,0,1,1,1,2,2,2,2,3,3,3,3,3,3,4,4,5,5,5,5,6,6,6,6,6,6,6,6,6,6,6,7,8,8,9,10,11,11,11,11,11,11,11,11,11,11,11,11,11,12,12,12,14,15,15,15,15,15,15,15,15,15,15,15,15
etcd,0,1,4,5,7,9,9,10,11,12,15,17,17,19,21,22,24,25,27,28,30,34,36,38,40,40,41,42,43,43,43,45,47,47,50,52,54,56,57,57,60,61,64,68,69,70,71,74,78,79,80,82,83,85,87,88,91,93,94,97,99,99,101,104,106,108,110,112,117,120,121,121
gin,1,1,1,1,2,3,4,4,4,4,4,5,7,8,10,11,11,12,12,12,12,12,13,14,14,14,15,15,17,19,20,20,20,20,21,21,21,21,23,23,23,23,24,25,25,25,27,28,28,30,30,30,31,31,31,32,32,33,33,34,34,34,37,40,42,43,43,44,47,49,50,50
bootstrap-sass,0,0,0,0,0,0,0,0,0,0,0,0,0,0,0,0,0,1,1,1,1,1,2,2,2,2,2,2,2,2,2,2,2,2,2,2,2,2,2,2,2,2,2,2,2,2,2,2,2,2,2,2,2,2,2,2,2,2,2,2,2,2,2,2,4,4,4,4,4,4,4,4
fzf,1,2,2,3,3,3,4,4,6,6,6,6,7,9,9,10,10,12,12,13,16,17,17,18,19,19,19,19,19,19,19,19,20,20,20,20,20,21,21,21,22,22,22,24,25,26,26,26,27,27,28,28,30,31,31,31,32,33,33,34,34,34,35,35,35,35,35,35,35,38,38,38
incubator-superset,1,3,5,7,7,7,9,10,12,14,18,19,20,21,21,22,23,24,26,27,27,29,31,36,37,37,38,40,41,43,44,47,48,48,50,51,54,56,57,57,61,62,64,66,69,71,73,76,77,80,81,83,87,89,92,94,96,98,98,100,102,107,108,110,112,114,117,120,125,130,130,130
blueprint,0,0,1,2,3,3,3,3,3,4,5,6,7,8,9,9,10,11,12,15,17,19,20,22,22,23,24,26,27,27,27,27,29,31,32,35,36,38,38,38,41,43,46,47,49,51,53,53,55,55,56,56,56,56,58,59,60,61,65,67,67,69,71,71,72,72,75,77,79,79,79,79
masscan,0,0,0,0,0,0,0,0,0,0,0,0,0,0,0,0,0,0,0,0,1,1,1,1,1,1,1,1,1,1,1,1,1,1,1,1,1,1,1,2,2,2,2,2,2,2,2,2,2,2,2,2,2,2,2,2,2,2,2,2,3,3,3,3,3,3,4,4,4,4,4,4
modern-cljs,0,1,1,1,1,2,2,2,2,2,2,2,3,3,3,3,3,3,3,3,3,4,4,4,4,4,4,4,4,4,4,4,4,4,4,4,4,5,5,5,5,5,5,5,5,5,5,5,5,5,5,5,5,5,5,5,5,5,5,5,5,5,5,5,5,5,5,5,5,5,5,5
hiccup,0,0,0,0,0,0,0,0,0,0,0,0,0,0,0,0,0,0,0,0,0,0,0,0,0,0,0,0,0,0,0,0,0,0,0,0,0,0,0,0,0,0,0,0,0,1,1,1,2,2,2,2,2,2,2,2,2,2,2,2,2,2,2,2,2,2,2,2,2,2,2,2
resume.github.com,0,0,0,0,0,0,0,0,0,0,0,0,0,0,0,0,0,0,0,0,0,0,0,0,0,0,0,0,0,0,0,0,0,0,0,0,0,0,0,0,0,0,0,0,0,0,0,0,0,0,0,0,0,0,0,0,0,0,0,0,0,0,0,0,0,0,0,0,0,0,0,0
atom,1,2,3,5,5,5,6,7,7,8,10,11,11,12,15,17,18,19,19,19,22,24,25,25,28,28,29,31,31,34,38,39,42,43,44,44,44,45,47,51,52,54,55,55,56,56,57,57,59,59,61,62,63,64,65,66,67,67,67,68,69,70,74,75,75,79,80,84,87,90,91,91
chromeless,0,0,0,0,0,0,0,0,4,9,14,15,16,18,19,20,21,21,21,21,21,23,24,24,24,24,24,24,24,24,24,25,25,25,25,25,25,25,25,26,27,27,27,27,27,27,27,27,27,28,29,29,29,29,29,29,29,30,30,30,30,31,31,31,31,31,31,31,31,31,31,31
october,1,2,3,3,3,5,6,7,8,10,11,13,14,15,16,16,16,16,18,19,19,22,23,24,24,25,26,28,29,30,32,34,38,38,39,39,39,41,41,41,41,43,47,49,49,51,52,55,55,55,57,57,59,61,61,62,62,64,66,68,70,70,71,73,75,77,78,80,83,84,84,84
MJRefresh,0,0,0,0,0,0,0,0,1,1,1,1,1,2,2,2,2,2,2,2,3,3,3,3,3,3,3,3,3,3,3,3,3,3,3,4,4,4,4,4,4,4,4,4,4,4,4,4,4,4,4,4,4,4,5,5,5,5,6,6,7,7,7,7,8,9,9,9,9,9,9,9
munin,2,2,2,3,3,3,3,4,4,4,4,4,5,5,5,5,5,5,5,6,6,6,6,7,7,8,9,9,9,9,9,9,9,9,9,10,10,11,11,13,13,14,14,14,15,16,16,16,16,16,17,17,17,17,18,19,19,20,22,22,22,22,22,22,22,23,23,23,25,27,27,27
Telegram,0,0,0,0,0,0,0,0,0,0,0,0,0,0,0,0,0,0,0,0,0,0,0,0,0,0,0,0,0,0,0,0,0,0,0,0,0,0,0,0,0,0,0,0,0,0,0,0,0,0,0,0,0,0,0,0,0,0,0,0,0,0,0,0,0,1,1,1,1,1,1,1
RxJava,1,4,5,6,8,11,13,16,16,17,18,18,18,19,20,20,21,22,23,25,25,25,26,27,29,32,32,33,33,34,34,35,35,35,35,37,37,38,38,38,40,40,42,45,46,48,49,50,53,54,55,55,57,58,60,61,62,62,62,64,64,69,70,70,73,74,76,76,78,78,78,78
certbot,1,3,5,6,7,9,10,10,10,11,12,12,14,15,15,17,18,19,20,20,21,22,24,24,25,26,27,28,29,29,29,29,29,29,30,30,30,33,35,35,35,36,41,43,44,45,48,48,48,48,52,55,55,56,57,58,60,60,61,63,64,67,67,67,67,67,68,70,73,75,75,75
pdfkit,0,0,0,0,1,1,1,1,2,2,2,2,3,3,3,3,3,3,3,3,3,3,3,3,3,3,3,3,3,3,3,3,3,3,3,4,4,4,4,4,4,4,4,4,4,4,4,4,4,4,4,4,4,4,4,5,6,6,6,6,6,6,6,6,6,6,6,6,6,6,6,6
Slim,0,0,1,2,2,3,3,3,3,4,5,6,6,6,6,6,6,7,7,7,7,7,8,10,12,15,18,18,19,19,19,19,19,19,19,20,20,20,20,21,21,21,21,21,21,23,23,24,24,25,26,26,27,27,27,27,30,31,31,32,32,32,33,34,34,34,34,35,35,35,35,35
linkerd,0,1,1,1,1,1,3,4,4,5,5,5,6,7,8,9,9,10,10,12,12,14,14,15,16,16,18,18,18,18,18,19,19,21,21,21,21,24,24,25,25,26,28,29,29,29,30,30,31,33,34,34,34,34,35,36,38,40,41,42,44,44,44,45,46,46,46,46,47,48,48,48
vscode,2,5,11,14,16,19,24,28,31,32,35,40,44,46,46,52,56,58,64,69,76,82,86,91,96,99,104,108,114,120,122,126,132,136,139,142,146,151,155,158,161,167,171,177,178,185,191,195,199,205,212,216,222,226,230,236,239,242,246,248,252,256,260,263,268,272,276,280,287,289,289,289
websocketd,0,0,0,0,0,1,1,1,1,1,1,1,1,1,1,1,1,1,1,1,1,1,1,1,1,1,1,1,2,2,2,2,2,2,2,2,2,2,2,2,2,2,2,2,2,2,2,2,2,2,2,2,2,2,2,2,2,2,2,2,2,2,2,2,2,2,2,2,2,2,2,2
RestKit,0,0,0,0,0,1,1,1,1,1,1,1,1,2,2,2,3,3,3,3,3,3,3,3,3,3,3,3,4,4,4,4,4,4,4,4,4,4,4,5,5,5,5,5,5,5,5,5,5,5,5,5,5,5,6,7,7,7,7,7,7,7,7,7,7,7,7,8,8,8,8,8
sharelatex,0,0,0,0,0,0,0,0,0,2,2,2,2,2,2,2,2,2,2,2,2,2,2,2,2,2,2,2,2,2,2,2,2,2,2,2,2,2,2,2,2,2,2,2,2,2,2,3,4,4,4,4,4,4,4,4,4,4,4,4,4,5,5,5,5,5,5,5,5,5,5,5
HLearn,0,0,0,0,0,0,0,0,0,0,0,0,0,0,0,0,0,0,0,0,0,0,0,0,0,0,0,0,0,0,0,0,0,0,0,0,0,0,0,0,0,0,0,0,0,0,0,0,0,0,0,0,0,0,0,0,0,0,0,0,0,0,0,0,0,0,0,0,0,0,0,0
pedestal,0,1,2,2,2,2,2,2,2,2,2,2,2,2,2,2,2,2,3,3,3,3,3,3,3,3,3,3,3,3,3,3,3,3,3,3,3,3,3,3,3,3,3,3,3,3,3,3,4,6,6,6,6,7,7,8,8,8,8,8,8,8,9,9,9,10,11,11,12,12,12,12
ijkplayer,0,2,2,2,2,2,3,3,3,3,3,3,3,3,3,3,3,3,3,4,4,4,4,4,4,4,4,6,6,6,6,6,6,6,6,7,8,8,8,8,8,8,8,8,8,8,8,8,8,8,8,8,8,8,8,8,8,8,8,8,8,8,8,8,8,8,8,8,8,8,8,8
FlameGraph,0,0,0,0,1,1,1,1,3,3,4,4,4,4,4,4,4,4,4,4,4,4,4,4,4,4,4,4,4,4,4,4,4,4,4,4,4,4,4,4,4,4,4,4,4,5,5,5,5,5,6,6,6,6,7,7,7,7,7,7,7,7,7,7,7,7,7,7,7,7,7,7
h2o,0,0,0,0,0,0,1,2,2,2,2,3,3,3,4,4,5,5,5,6,8,8,8,8,8,8,9,11,11,11,11,11,12,13,15,15,15,15,15,15,15,15,17,18,18,18,18,18,18,18,19,19,20,20,20,20,21,21,22,23,23,24,25,25,25,26,27,29,29,29,29,29
scrapy,0,2,3,3,3,3,4,5,8,11,12,13,14,15,16,17,18,19,20,20,21,23,24,24,25,27,27,28,28,29,30,30,30,30,32,32,33,34,35,36,37,38,39,39,40,41,42,43,43,44,45,45,47,49,50,51,51,52,54,56,57,58,59,60,62,63,64,64,65,65,65,65
meteor,0,0,1,4,6,6,9,11,11,12,14,15,16,17,17,17,19,19,22,24,25,25,25,26,27,29,29,31,32,33,33,33,35,37,37,37,39,39,40,42,43,43,45,46,48,49,50,52,52,54,56,56,57,58,59,60,61,63,64,66,66,66,68,69,69,70,71,72,72,72,72,72
node,4,10,13,17,22,27,33,38,43,46,52,58,63,69,73,77,84,86,92,97,104,109,112,118,123,129,134,139,144,150,152,154,158,163,169,174,178,181,185,192,197,202,206,211,218,224,230,236,243,248,252,258,261,267,271,278,284,290,296,302,308,314,319,323,328,333,338,345,350,355,355,355
swoole-src,0,0,0,0,2,2,3,4,4,5,5,6,6,6,7,7,8,9,9,9,9,9,10,10,11,11,11,13,13,14,14,15,15,16,17,17,17,17,19,19,19,19,20,21,21,21,23,24,24,24,24,26,27,27,28,29,30,31,32,33,34,34,36,38,38,39,39,43,45,47,47,47
kubernetes,4,10,15,20,24,29,35,40,44,49,55,60,65,72,77,82,87,93,98,104,111,117,123,130,136,141,147,153,159,163,166,170,175,182,187,193,200,206,210,217,222,226,232,235,241,247,252,255,261,266,271,278,284,289,293,298,302,307,313,319,324,330,336,341,347,353,359,365,372,379,383,383
models,1,4,7,13,18,22,26,30,32,34,34,35,37,41,42,46,49,51,52,57,57,60,62,65,68,69,70,73,75,78,80,81,84,84,84,88,91,92,94,99,102,107,113,118,123,126,129,132,136,139,141,146,148,150,153,156,158,159,162,166,171,176,180,187,191,195,198,201,205,207,207,207
onyx,0,0,0,0,0,0,1,2,2,2,2,2,2,2,2,2,2,2,2,2,3,3,3,3,3,3,3,3,3,4,5,6,6,6,6,7,7,7,8,8,8,8,9,9,10,10,10,13,13,13,13,13,13,13,13,13,13,13,13,13,13,13,13,13,13,13,13,13,13,14,14,14
lens,0,0,2,3,3,4,5,5,6,7,7,7,7,7,7,8,8,8,8,8,9,10,10,10,10,10,10,11,11,11,11,11,11,11,12,12,13,13,13,14,14,14,14,15,15,16,16,16,16,17,17,17,17,17,17,18,19,20,20,20,20,20,22,22,22,22,22,22,23,23,23,23
Chameleon,0,0,0,1,2,2,2,2,2,2,2,2,2,2,2,2,2,2,2,2,2,2,2,2,2,2,2,2,2,2,2,2,2,2,2,2,2,2,2,2,2,2,2,2,2,2,2,2,2,2,2,2,2,2,2,2,2,2,2,2,2,2,2,2,2,2,2,2,2,2,2,2
LightTable,0,0,0,0,0,0,0,0,0,0,0,0,0,0,0,0,0,0,1,1,2,2,2,2,2,2,2,2,2,2,2,2,2,2,2,2,2,2,2,2,2,2,2,2,2,2,3,3,3,3,3,3,4,4,4,4,4,5,5,5,5,5,5,5,5,5,5,5,5,5,5,5
rxjs,0,0,1,2,4,5,7,7,9,10,11,11,11,11,11,12,14,15,16,18,18,20,22,23,23,23,25,25,26,27,28,28,32,33,34,35,36,36,37,38,40,42,44,46,48,51,54,54,55,57,57,60,62,65,67,68,69,70,71,72,76,79,80,82,83,84,85,88,89,91,91,91
httpie,0,0,0,0,2,2,2,2,2,2,2,2,2,2,2,2,2,2,3,3,3,3,3,3,5,5,5,6,6,7,7,7,7,7,7,7,7,7,7,7,7,7,7,7,7,9,9,9,9,9,9,9,9,9,9,9,9,9,10,11,12,12,12,12,12,12,14,14,14,14,14,14
GPUImage,0,0,0,0,0,0,0,0,0,0,0,0,0,0,0,0,0,0,0,0,0,0,0,0,0,0,0,0,0,0,0,0,0,0,0,0,0,0,0,0,0,0,0,0,0,0,0,0,0,0,0,0,0,0,0,0,0,0,0,0,0,0,0,0,0,0,0,0,0,0,0,0
How-to-Make-a-Computer-Operating-System,0,0,0,0,0,0,0,0,0,0,0,0,0,0,0,0,0,0,0,0,0,0,0,0,0,0,0,0,0,0,0,0,0,0,0,0,0,0,0,0,0,0,0,0,0,0,0,0,0,0,0,0,0,0,0,0,0,0,0,0,0,0,0,0,0,0,0,0,0,0,0,0
wiwinwlh,0,0,0,0,1,2,2,3,4,4,4,5,5,5,5,5,6,6,6,6,8,8,8,8,8,9,10,10,10,10,10,10,10,10,11,11,12,12,12,12,12,12,12,12,13,13,13,14,14,14,15,15,16,16,16,16,16,16,17,17,17,17,17,18,19,19,19,19,19,19,19,19
shumway,0,0,0,0,0,0,0,0,0,0,0,0,0,0,0,0,0,0,0,0,0,0,0,0,0,0,0,0,0,0,0,0,0,0,0,0,0,0,0,0,0,0,0,0,0,0,0,0,0,0,0,0,0,0,0,0,0,0,0,0,0,0,0,0,0,0,0,0,0,0,0,0
sass,1,2,2,2,2,2,2,2,3,3,3,3,3,3,3,3,3,3,3,3,3,4,4,4,4,4,4,4,4,4,4,4,4,4,4,4,4,4,4,4,4,4,4,4,5,5,5,5,5,5,5,5,5,5,5,5,5,5,5,5,5,5,5,5,5,5,5,5,5,5,5,5
YouCompleteMe,0,1,1,1,1,1,1,1,1,1,1,1,1,1,1,2,2,3,3,3,4,4,4,4,5,5,5,5,5,5,5,5,5,5,5,5,5,5,6,6,6,6,6,6,6,6,6,6,7,8,8,9,9,9,9,9,9,9,9,9,9,9,9,9,9,9,9,9,11,11,11,11
esprima,0,0,0,0,0,0,0,0,0,0,0,0,0,0,1,2,2,2,2,2,2,2,2,2,3,4,4,4,4,4,4,4,4,4,4,4,5,5,5,6,6,6,6,7,7,7,7,7,7,7,7,7,7,9,9,9,9,9,9,9,9,9,9,9,9,9,9,9,9,9,9,9
redux,1,1,2,4,6,7,10,10,12,17,18,22,26,28,28,30,31,34,37,42,44,47,52,55,57,60,63,65,67,69,70,72,73,75,78,81,83,84,86,86,89,92,94,97,99,103,106,110,112,113,114,117,119,119,119,122,123,126,128,129,130,131,131,134,135,136,137,139,141,144,144,144
monolog,0,0,1,1,2,2,6,6,7,7,8,11,12,12,13,13,14,14,15,15,16,17,18,18,19,19,19,19,19,19,19,20,20,21,21,21,21,22,22,23,23,23,23,25,25,26,27,28,29,29,31,31,32,35,37,38,38,38,38,39,39,39,39,39,39,39,39,39,39,39,39,39
